1100023	7	7	115453	115455	808180	16492	16494	115452	2356	2358	16494	336	337	2358	48	49	340	5	7	40	1	2	12
1100027	2	2	137504	137504	275008	68751	68751	137502	34376	34376	68752	17188	17188	34376	8594	8594	17188	4297	4297	8594	2149	2149	4298
1100051	2	2	137507	137507	275014	68753	68753	137506	34376	34376	68752	17189	17189	34378	8594	8594	17188	4297	4297	8594	2148	2148	4296
1100051	7	7	115457	115458	808200	16492	16495	115458	2355	2358	16494	335	337	2352	48	49	340	6	7	48	1	2	8
1100101	2	2	137512	137512	275024	68757	68757	137514	34378	34378	68756	17189	17189	34378	8594	8594	17188	4298	4298	8596	2148	2148	4296
1100123	2	2	137516	137516	275032	68757	68757	137514	34379	34379	68758	17190	17190	34380	8594	8594	17188	4298	4298	8596	2148	2148	4296
1100131	2	2	137517	137517	275034	68758	68758	137516	34379	34379	68758	17189	17189	34378	8595	8595	17190	4298	4298	8596	2148	2148	4296
1100147	2	2	137519	137519	275038	68759	68759	137518	34379	34379	68758	17190	17190	34380	8595	8595	17190	4298	4298	8596	2148	2148	4296
1100149	6	6	127331	127333	763990	21221	21222	127330	3538	3538	21228	589	589	3534	98	98	588	17	18	104	1	3	14
1100167	3	3	162988	162988	488964	54330	54330	162990	18109	18110	54328	6036	6037	18110	2012	2012	6036	670	670	2010	224	224	672
1100171	2	2	137522	137522	275044	68760	68760	137520	34381	34381	68762	17190	17190	34380	8595	8595	17190	4297	4297	8594	2149	2149	4298
1100179	2	2	137523	137523	275046	68761	68761	137522	34380	34380	68760	17191	17191	34382	8595	8595	17190	4297	4297	8594	2149	2149	4298
1100179	3	3	162989	162990	488968	54328	54330	162988	18110	18112	54332	6036	6037	18110	2012	2012	6036	670	670	2010	224	224	672
1100213	2	2	137526	137526	275052	68764	68764	137528	34381	34381	68762	17191	17191	34382	8596	8596	17192	4297	4297	8594	2149	2149	4298
1100219	2	2	137528	137528	275056	68763	68763	137526	34382	34382	68764	17191	17191	34382	8596	8596	17192	4297	4297	8594	2149	2149	4298
1100219	7	7	115473	115476	808322	16496	16498	115478	2356	2358	16496	335	337	2352	48	49	340	6	7	48	1	2	8
1100243	2	2	137531	137531	275062	68765	68765	137530	34382	34382	68764	17192	17192	34384	8595	8595	17190	4298	4298	8596	2149	2149	4298
1100303	7	7	115482	115484	808384	16497	16499	115486	2356	2358	16498	335	337	2352	48	49	340	6	7	48	1	2	8
1100311	6	6	127351	127351	764106	21225	21225	127350	3537	3538	21226	589	590	3536	98	98	588	16	17	98	3	4	22
1100357	2	2	137544	137544	275088	68773	68773	137546	34386	34386	68772	17193	17193	34386	8596	8596	17192	4299	4299	8598	2149	2149	4298
1100381	2	2	137547	137547	275094	68774	68774	137548	34387	34387	68774	17194	17194	34388	8596	8596	17192	4299	4299	8598	2149	2149	4298
1100387	2	2	137549	137549	275098	68774	68774	137548	34387	34387	68774	17193	17193	34386	8597	8597	17194	4299	4299	8598	2149	2149	4298
1100419	2	2	137553	137553	275106	68776	68776	137552	34388	34388	68776	17194	17194	34388	8597	8597	17194	4298	4298	8596	2150	2150	4300
1100443	3	3	163028	163029	489086	54342	54342	163026	18114	18115	54344	6038	6040	18116	2012	2013	6038	670	670	2010	224	224	672
1100443	7	7	115498	115499	808488	16498	16501	115498	2355	2358	16498	336	338	2360	48	49	340	5	7	40	1	2	12
1100467	3	3	163032	163032	489096	54344	54344	163032	18114	18114	54342	6039	6040	18118	2012	2013	6038	670	670	2010	224	224	672
1100471	7	7	115500	115502	808506	16500	16502	115506	2356	2358	16500	335	337	2352	48	49	340	6	7	48	1	2	8
1100483	2	2	137561	137561	275122	68780	68780	137560	34390	34390	68780	17195	17195	34390	8597	8597	17194	4299	4299	8598	2150	2150	4300
1100503	3	3	163037	163038	489112	54344	54346	163036	18115	18116	54346	6039	6040	18118	2012	2013	6038	670	670	2010	224	224	672
1100509	6	6	127373	127374	764240	21230	21230	127380	3537	3537	21222	589	590	3536	98	99	592	17	18	104	1	3	14
1100557	2	2	137569	137569	275138	68785	68785	137570	34393	34393	68786	17196	17196	34392	8598	8598	17196	4299	4299	8598	2149	2149	4298
1100557	6	6	127379	127379	764274	21230	21230	127380	3538	3538	21228	590	591	3542	97	99	588	16	17	98	2	4	18
1100581	2	2	137572	137572	275144	68787	68787	137574	34393	34393	68786	17196	17196	34392	8599	8599	17198	4299	4299	8598	2149	2149	4298
1100581	6	6	127381	127383	764290	21230	21231	127384	3538	3539	21232	589	590	3536	98	98	588	16	17	98	3	4	22
1100653	2	2	137581	137581	275162	68791	68791	137582	34396	34396	68792	17197	17197	34394	8599	8599	17198	4300	4300	8600	2149	2149	4298
1100653	6	6	127390	127391	764342	21231	21232	127390	3537	3540	21230	589	592	3542	97	98	586	17	17	102	2	3	14
1100683	2	2	137586	137586	275172	68792	68792	137584	34397	34397	68794	17198	17198	34396	8599	8599	17198	4299	4299	8598	2150	2150	4300
1100683	3	3	163064	163064	489192	54354	54354	163062	18119	18120	54358	6038	6039	18116	2014	2014	6042	670	670	2010	224	224	672
1100747	2	2	137594	137594	275188	68796	68796	137592	34399	34399	68798	17199	17199	34398	8599	8599	17198	4300	4300	8600	2150	2150	4300
1100797	2	2	137599	137599	275198	68800	68800	137600	34400	34400	68800	17200	17200	34400	8600	8600	17200	4300	4300	8600	2150	2150	4300
1100797	6	6	127406	127408	764440	21234	21235	127408	3539	3539	21234	590	591	3542	97	99	588	16	17	98	2	4	18
1100807	7	7	115536	115538	808758	16504	16505	115530	2358	2360	16512	335	337	2352	48	49	340	6	7	48	1	2	8
1100837	2	2	137604	137604	275208	68803	68803	137606	34401	34401	68802	17200	17200	34400	8601	8601	17202	4300	4300	8600	2150	2150	4300
1100839	3	3	163086	163087	489260	54362	54363	163088	18121	18122	54364	6040	6040	18120	2013	2014	6040	670	671	2012	224	224	672
1100887	3	3	163095	163096	489286	54364	54365	163094	18120	18121	54362	6041	6042	18124	2013	2014	6040	670	671	2012	224	224	672
1100893	2	2	137611	137611	275222	68806	68806	137612	34403	34403	68806	17202	17202	34404	8600	8600	17200	4301	4301	8602	2150	2150	4300
1100893	6	6	127418	127419	764510	21235	21238	127420	3537	3541	21234	589	592	3542	97	98	586	17	17	102	2	3	14
1100899	2	2	137613	137613	275226	68806	68806	137612	34403	34403	68806	17201	17201	34402	8601	8601	17202	4301	4301	8602	2150	2150	4300
1100899	3	3	163096	163096	489288	54365	54366	163096	18120	18122	54364	6041	6042	18124	2013	2014	6040	670	671	2012	224	224	672
1100909	2	2	137613	137613	275226	68807	68807	137614	34404	34404	68808	17201	17201	34402	8601	8601	17202	4301	4301	8602	2150	2150	4300
1100933	2	2	137616	137616	275232	68809	68809	137618	34404	34404	68808	17202	17202	34404	8601	8601	17202	4300	4300	8600	2151	2151	4302
1100947	3	3	163102	163103	489308	54368	54368	163104	18122	18123	54368	6041	6042	18124	2013	2014	6040	670	671	2012	224	224	672
1100947	7	7	115550	115552	808856	16506	16509	115556	2356	2360	16504	336	338	2358	48	50	342	5	7	40	1	2	12
1101091	2	2	137637	137637	275274	68818	68818	137636	34409	34409	68818	17204	17204	34408	8603	8603	17206	4301	4301	8602	2150	2150	4300
1101091	3	3	163124	163125	489374	54374	54374	163122	18126	18126	54378	6040	6041	18122	2014	2016	6044	670	671	2012	224	224	672
1101103	3	3	163127	163128	489382	54374	54375	163124	18126	18126	54378	6040	6041	18122	2014	2016	6044	670	671	2012	224	224	672
1101103	6	6	127442	127442	764652	21241	21242	127448	3538	3541	21238	589	592	3542	97	98	586	17	17	102	2	3	14
1101109	6	6	127443	127444	764660	21240	21242	127446	3539	3540	21238	589	590	3536	98	99	592	17	18	104	1	3	14
1101127	3	3	163128	163130	489388	54377	54378	163132	18125	18126	54376	6040	6042	18124	2014	2016	6044	670	671	2012	224	224	672
1101143	7	7	115570	115573	809002	16509	16512	115572	2358	2360	16512	336	337	2354	48	49	340	6	7	48	1	2	8
1101211	2	2	137652	137652	275304	68825	68825	137650	34413	34413	68826	17207	17207	34414	8603	8603	17206	4301	4301	8602	2151	2151	4302
1101229	6	6	127456	127458	764740	21242	21244	127460	3540	3541	21242	589	590	3536	98	99	592	17	18	104	1	3	14
1101253	2	2	137656	137656	275312	68829	68829	137658	34414	34414	68828	17207	17207	34414	8603	8603	17206	4302	4302	8604	2151	2151	4302
1101253	6	6	127460	127461	764764	21242	21243	127454	3540	3541	21244	590	592	3544	97	98	586	17	17	102	2	3	14
1101283	7	7	115584	115586	809100	16513	16514	115596	2357	2360	16508	336	338	2358	48	50	342	5	7	40	1	2	12
1101299	2	2	137663	137663	275326	68831	68831	137662	34415	34415	68830	17208	17208	34416	8604	8604	17208	4302	4302	8604	2151	2151	4302
1101307	2	2	137664	137664	275328	68831	68831	137662	34416	34416	68832	17208	17208	34416	8604	8604	17208	4302	4302	8604	2151	2151	4302
1101307	3	3	163156	163157	489470	54384	54385	163154	18129	18130	54388	6042	6042	18126	2015	2016	6046	670	671	2012	224	224	672
1101319	3	3	163159	163160	489478	54384	54386	163156	18129	18130	54388	6042	6042	18126	2015	2016	6046	670	671	2012	224	224	672
1101319	6	6	127467	127467	764802	21245	21246	127474	3540	3541	21242	589	590	3536	98	99	592	17	18	104	1	3	14
1101323	2	2	137666	137666	275332	68832	68832	137664	34417	34417	68834	17208	17208	34416	8604	8604	17208	4302	4302	8604	2151	2151	4302
1101341	2	2	137667	137667	275334	68834	68834	137668	34417	34417	68834	17209	17209	34418	8604	8604	17208	4302	4302	8604	2151	2151	4302
1101349	2	2	137668	137668	275336	68835	68835	137670	34417	34417	68834	17208	17208	34416	8605	8605	17210	4302	4302	8604	2151	2151	4302
1101349	6	6	127470	127470	764820	21246	21247	127480	3540	3541	21242	589	590	3536	98	99	592	17	18	104	1	3	14
1101371	2	2	137672	137672	275344	68835	68835	137670	34418	34418	68836	17209	17209	34418	8605	8605	17210	4302	4302	8604	2151	2151	4302
1101389	2	2	137673	137673	275346	68837	68837	137674	34419	34419	68838	17209	17209	34418	8604	8604	17208	4303	4303	8606	2151	2151	4302
1101403	2	2	137676	137676	275352	68837	68837	137674	34419	34419	68838	17210	17210	34420	8604	8604	17208	4303	4303	8606	2151	2151	4302
1101403	3	3	163170	163170	489510	54391	54392	163174	18128	18130	54388	6043	6044	18130	2015	2016	6046	670	671	2012	224	224	672
1101421	2	2	137677	137677	275354	68839	68839	137678	34420	34420	68840	17209	17209	34418	8605	8605	17210	4303	4303	8606	2151	2151	4302
1101421	6	6	127479	127479	764874	21246	21247	127480	3541	3542	21248	590	590	3540	98	98	588	16	17	98	3	4	22
1101439	3	3	163176	163176	489528	54392	54392	163176	18130	18130	54390	6044	6044	18132	2015	2016	6046	670	671	2012	224	224	672
1101467	2	2	137684	137684	275368	68841	68841	137682	34421	34421	68842	17211	17211	34422	8605	8605	17210	4302	4302	8604	2152	2152	4304
1101509	2	2	137688	137688	275376	68845	68845	137690	34422	34422	68844	17211	17211	34422	8605	8605	17210	4303	4303	8606	2152	2152	4304
1101511	6	6	127488	127491	764938	21247	21250	127490	3541	3542	21250	590	590	3540	98	98	588	16	17	98	3	4	22
1101517	6	6	127490	127491	764942	21248	21248	127488	3541	3542	21248	590	592	3546	97	99	588	16	17	98	2	4	18
1101533	2	2	137691	137691	275382	68846	68846	137692	34423	34423	68846	17212	17212	34424	8605	8605	17210	4303	4303	8606	2152	2152	4304
1101559	3	3	163192	163194	489580	54398	54400	163196	18132	18133	54398	6044	6044	18132	2014	2014	6042	672	672	2016	224	224	672
1101559	6	6	127496	127497	764980	21248	21249	127490	3542	3542	21252	589	590	3536	98	99	592	17	18	104	1	3	14
1101571	3	3	163196	163196	489588	54399	54400	163198	18132	18133	54398	6044	6044	18132	2014	2014	6042	672	672	2016	224	224	672
1101587	2	2	137699	137699	275398	68849	68849	137698	34424	34424	68848	17213	17213	34426	8606	8606	17212	4303	4303	8606	2151	2151	4302
1101613	6	6	127502	127502	765012	21250	21250	127500	3541	3542	21248	590	592	3546	97	98	586	17	17	102	2	3	14
1101619	2	2	137703	137703	275406	68851	68851	137702	34425	34425	68850	17213	17213	34426	8607	8607	17214	4303	4303	8606	2151	2151	4302
1101619	3	3	163202	163202	489606	54402	54402	163206	18133	18134	54400	6044	6045	18134	2014	2014	6042	672	672	2016	224	224	672
1101619	7	7	115621	115622	809352	16516	16518	115620	2359	2362	16520	336	338	2358	48	50	342	5	7	40	1	2	12
1101691	2	2	137712	137712	275424	68855	68855	137710	34428	34428	68856	17214	17214	34428	8607	8607	17214	4304	4304	8608	2151	2151	4302
1101691	3	3	163213	163214	489640	54404	54405	163214	18134	18134	54402	6046	6046	18138	2014	2014	6042	672	672	2016	224	224	672
1101733	6	6	127515	127516	765092	21252	21253	127514	3541	3543	21252	590	592	3546	97	98	586	17	17	102	2	3	14
1101781	2	2	137722	137722	275444	68862	68862	137724	34430	34430	68860	17216	17216	34432	8607	8607	17214	4304	4304	8608	2152	2152	4304
1101781	6	6	127520	127520	765120	21255	21255	127530	3541	3542	21250	590	591	3542	98	98	588	16	17	98	3	4	22
1101803	2	2	137726	137726	275452	68862	68862	137724	34432	34432	68864	17215	17215	34430	8608	8608	17216	4304	4304	8608	2152	2152	4304
1101811	3	3	163230	163231	489692	54410	54411	163232	18137	18138	54412	6045	6046	18136	2014	2015	6044	672	672	2016	224	224	672
1101851	2	2	137732	137732	275464	68865	68865	137730	34433	34433	68866	17217	17217	34434	8608	8608	17216	4304	4304	8608	2152	2152	4304
1101871	6	6	127531	127533	765192	21253	21255	127524	3542	3544	21260	590	591	3542	98	98	588	16	17	98	3	4	22
1101871	7	7	115646	115649	809536	16520	16522	115648	2360	2362	16524	336	338	2358	48	50	342	5	7	40	1	2	12
1101883	2	2	137736	137736	275472	68867	68867	137734	34434	34434	68868	17217	17217	34434	8609	8609	17218	4304	4304	8608	2152	2152	4304
1101883	3	3	163240	163242	489724	54414	54416	163244	18136	18138	54412	6046	6048	18140	2014	2015	6044	672	672	2016	224	224	672
1101901	2	2	137737	137737	275474	68869	68869	137738	34435	34435	68870	17217	17217	34434	8608	8608	17216	4305	4305	8610	2152	2152	4304
1101901	6	6	127535	127536	765214	21254	21256	127528	3542	3544	21260	590	591	3542	98	98	588	16	17	98	3	4	22
1101917	2	2	137739	137739	275478	68870	68870	137740	34435	34435	68870	17218	17218	34436	8608	8608	17216	4305	4305	8610	2152	2152	4304
1101931	2	2	137742	137742	275484	68870	68870	137740	34436	34436	68872	17217	17217	34434	8609	8609	17218	4305	4305	8610	2152	2152	4304
1101941	2	2	137742	137742	275484	68872	68872	137744	34435	34435	68870	17218	17218	34436	8609	8609	17218	4305	4305	8610	2152	2152	4304
1102027	2	2	137754	137754	275508	68876	68876	137752	34439	34439	68878	17219	17219	34438	8609	8609	17218	4305	4305	8610	2153	2153	4306
1102027	3	3	163262	163263	489788	54422	54422	163266	18140	18140	54420	6046	6046	18138	2016	2016	6048	672	672	2016	224	224	672
1102069	6	6	127554	127554	765324	21259	21260	127556	3542	3544	21258	589	591	3540	98	99	592	17	18	104	1	3	14
1102111	6	6	127559	127560	765356	21258	21260	127556	3543	3545	21264	590	591	3542	98	98	588	16	17	98	3	4	22
1102117	2	2	137764	137764	275528	68883	68883	137766	34441	34441	68882	17220	17220	34440	8611	8611	17222	4305	4305	8610	2152	2152	4304
1102159	3	3	163282	163282	489846	54428	54428	163284	18143	18144	54430	6046	6047	18140	2016	2016	6048	672	672	2016	224	224	672
1102159	6	6	127563	127566	765388	21259	21263	127566	3542	3545	21260	589	591	3540	98	99	592	17	18	104	1	3	14
1102163	2	2	137771	137771	275542	68885	68885	137770	34442	34442	68884	17222	17222	34444	8610	8610	17220	4306	4306	8612	2152	2152	4304
1102181	2	2	137772	137772	275544	68887	68887	137774	34443	34443	68886	17221	17221	34442	8611	8611	17222	4306	4306	8612	2152	2152	4304
1102187	2	2	137774	137774	275548	68886	68886	137772	34444	34444	68888	17221	17221	34442	8611	8611	17222	4306	4306	8612	2152	2152	4304
1102237	6	6	127573	127574	765440	21262	21263	127576	3542	3544	21258	591	592	3550	97	99	588	16	17	98	2	4	18
1102243	3	3	163294	163295	489884	54432	54432	163296	18144	18144	54432	6048	6048	18144	2016	2016	6048	672	672	2016	224	224	672
1102253	2	2	137781	137781	275562	68891	68891	137782	34446	34446	68892	17222	17222	34444	8612	8612	17224	4305	4305	8610	2153	2153	4306
1102259	2	2	137783	137783	275566	68891	68891	137782	34445	34445	68890	17223	17223	34446	8612	8612	17224	4305	4305	8610	2153	2153	4306
1102279	6	6	127580	127580	765480	21262	21263	127574	3543	3545	21264	589	591	3540	98	99	592	17	18	104	1	3	14
1102307	2	2	137789	137789	275578	68894	68894	137788	34447	34447	68894	17223	17223	34446	8612	8612	17224	4306	4306	8612	2153	2153	4306
1102333	6	6	127585	127586	765514	21263	21264	127580	3544	3544	21264	591	591	3546	98	98	588	17	17	102	2	3	14
1102397	2	2	137799	137799	275598	68900	68900	137800	34450	34450	68900	17225	17225	34450	8613	8613	17226	4306	4306	8612	2153	2153	4306
1102411	2	2	137802	137802	275604	68900	68900	137800	34451	34451	68902	17225	17225	34450	8612	8612	17224	4307	4307	8614	2153	2153	4306
1102411	3	3	163320	163320	489960	54440	54440	163320	18146	18146	54438	6050	6050	18150	2016	2016	6048	672	672	2016	224	224	672
1102427	2	2	137804	137804	275608	68901	68901	137802	34451	34451	68902	17226	17226	34452	8612	8612	17224	4307	4307	8614	2153	2153	4306
1102429	2	2	137803	137803	275606	68902	68902	137804	34451	34451	68902	17226	17226	34452	8612	8612	17224	4307	4307	8614	2153	2153	4306
1102429	6	6	127595	127595	765570	21267	21268	127604	3543	3545	21264	589	591	3540	98	99	592	17	18	104	1	3	14
1102447	6	6	127597	127599	765588	21266	21267	127598	3543	3545	21264	591	592	3550	97	99	588	16	17	98	2	4	18
1102523	2	2	137816	137816	275632	68907	68907	137814	34454	34454	68908	17227	17227	34454	8614	8614	17228	4306	4306	8612	2154	2154	4308
1102547	2	2	137819	137819	275638	68909	68909	137818	34454	34454	68908	17228	17228	34456	8613	8613	17226	4307	4307	8614	2154	2154	4308
1102567	3	3	163342	163343	490028	54448	54448	163344	18150	18150	54450	6048	6049	18146	2017	2018	6052	672	672	2016	224	224	672
1102567	6	6	127613	127613	765678	21268	21269	127610	3543	3545	21266	591	592	3550	97	99	588	16	17	98	2	4	18
1102571	2	2	137822	137822	275644	68910	68910	137820	34456	34456	68912	17227	17227	34454	8614	8614	17228	4307	4307	8614	2154	2154	4308
1102663	6	6	127622	127624	765738	21270	21271	127624	3545	3545	21270	591	591	3546	98	98	588	17	17	102	2	3	14
1102669	6	6	127623	127624	765740	21271	21271	127626	3545	3545	21270	590	591	3542	98	99	592	17	18	104	1	3	14
1102709	2	2	137838	137838	275676	68920	68920	137840	34459	34459	68918	17230	17230	34460	8615	8615	17230	4308	4308	8616	2153	2153	4306
1102733	2	2	137841	137841	275682	68921	68921	137842	34461	34461	68922	17230	17230	34460	8615	8615	17230	4307	4307	8614	2154	2154	4308
1102747	3	3	163368	163370	490108	54457	54458	163372	18152	18152	54456	6050	6050	18150	2018	2018	6054	672	672	2016	224	224	672
1102757	2	2	137844	137844	275688	68923	68923	137846	34461	34461	68922	17230	17230	34460	8616	8616	17232	4307	4307	8614	2154	2154	4308
1102813	6	6	127640	127641	765842	21273	21273	127638	3546	3546	21276	591	591	3546	98	98	588	17	17	102	2	3	14
1102831	3	3	163383	163384	490150	54460	54461	163382	18152	18153	54458	6051	6052	18154	2018	2018	6054	672	672	2016	224	224	672
1102831	6	6	127642	127642	765852	21274	21274	127644	3546	3547	21280	590	591	3542	98	98	588	16	17	98	3	4	22
1102853	2	2	137856	137856	275712	68929	68929	137858	34464	34464	68928	17232	17232	34464	8616	8616	17232	4308	4308	8616	2154	2154	4308
1102879	3	3	163389	163390	490168	54462	54463	163388	18154	18155	54464	6051	6052	18154	2018	2018	6054	672	672	2016	224	224	672
1102879	6	6	127647	127649	765888	21274	21275	127648	3546	3546	21276	590	591	3542	98	99	592	17	18	104	1	3	14
1102879	7	7	115753	115755	810276	16536	16537	115756	2362	2363	16536	336	338	2362	48	50	342	5	7	40	1	2	12
1102883	2	2	137861	137861	275722	68930	68930	137860	34465	34465	68930	17232	17232	34464	8617	8617	17234	4308	4308	8616	2154	2154	4308
1102891	2	2	137862	137862	275724	68930	68930	137860	34466	34466	68932	17232	17232	34464	8617	8617	17234	4308	4308	8616	2154	2154	4308
1102891	3	3	163390	163391	490172	54464	54464	163392	18154	18155	54464	6051	6052	18154	2018	2018	6054	672	672	2016	224	224	672
1102901	2	2	137862	137862	275724	68932	68932	137864	34465	34465	68930	17233	17233	34466	8617	8617	17234	4308	4308	8616	2154	2154	4308
1102903	3	3	163394	163394	490182	54464	54464	163392	18154	18154	54462	6052	6052	18156	2018	2018	6054	672	672	2016	224	224	672
1102939	2	2	137868	137868	275736	68933	68933	137866	34467	34467	68934	17234	17234	34468	8616	8616	17232	4309	4309	8618	2154	2154	4308
1102939	3	3	163399	163400	490198	54464	54466	163396	18155	18156	54466	6052	6052	18156	2018	2018	6054	672	672	2016	224	224	672
1102951	3	3	163400	163400	490200	54466	54466	163398	18156	18156	54468	6052	6052	18156	2018	2018	6054	672	672	2016	224	224	672
1102951	6	6	127656	127658	765942	21275	21276	127654	3545	3545	21270	592	592	3552	98	98	588	16	17	98	3	4	22
1102963	3	3	163400	163402	490204	54467	54468	163402	18156	18156	54468	6052	6052	18156	2018	2018	6054	672	672	2016	224	224	672
1102963	7	7	115761	115764	810338	16536	16539	115764	2362	2364	16538	336	338	2362	48	50	342	5	7	40	1	2	12
1102979	2	2	137873	137873	275746	68936	68936	137872	34468	34468	68936	17234	17234	34468	8617	8617	17234	4308	4308	8616	2155	2155	4310
1102999	6	6	127663	127663	765978	21277	21277	127662	3545	3546	21274	590	592	3544	98	99	592	17	18	104	1	3	14
1103059	2	2	137883	137883	275766	68941	68941	137882	34470	34470	68940	17236	17236	34472	8617	8617	17234	4309	4309	8618	2155	2155	4310
1103059	3	3	163416	163416	490248	54472	54472	163416	18157	18158	54472	6052	6053	18158	2016	2017	6050	673	674	2020	224	224	672
1103101	6	6	127673	127674	766040	21280	21280	127680	3545	3545	21270	592	592	3552	98	98	588	16	17	98	3	4	22
1103143	3	3	163428	163429	490286	54476	54476	163428	18158	18158	54474	6054	6054	18162	2016	2017	6050	673	674	2020	224	224	672
1103143	6	6	127680	127680	766080	21279	21279	127674	3546	3547	21280	591	592	3548	98	98	588	17	17	102	2	3	14
1103171	2	2	137897	137897	275794	68948	68948	137896	34474	34474	68948	17237	17237	34474	8618	8618	17236	4310	4310	8620	2154	2154	4308
1103191	3	3	163436	163436	490308	54479	54480	163438	18158	18159	54476	6054	6054	18162	2016	2017	6050	673	674	2020	224	224	672
1103203	2	2	137901	137901	275802	68950	68950	137900	34475	34475	68950	17237	17237	34474	8619	8619	17238	4310	4310	8620	2154	2154	4308
1103203	3	3	163437	163438	490312	54478	54479	163436	18160	18160	54480	6054	6054	18162	2016	2017	6050	673	674	2020	224	224	672
1103213	2	2	137901	137901	275802	68951	68951	137902	34476	34476	68952	17237	17237	34474	8619	8619	17238	4310	4310	8620	2154	2154	4308
1103237	2	2	137904	137904	275808	68953	68953	137906	34476	34476	68952	17238	17238	34476	8619	8619	17238	4309	4309	8618	2155	2155	4310
1103293	6	6	127695	127695	766170	21284	21284	127704	3546	3547	21280	591	592	3548	98	98	588	17	17	102	2	3	14
1103309	2	2	137913	137913	275826	68957	68957	137914	34479	34479	68958	17239	17239	34478	8619	8619	17238	4310	4310	8620	2155	2155	4310
1103339	2	2	137918	137918	275836	68958	68958	137916	34480	34480	68960	17239	17239	34478	8620	8620	17240	4310	4310	8620	2155	2155	4310
1103341	2	2	137917	137917	275834	68959	68959	137918	34480	34480	68960	17239	17239	34478	8620	8620	17240	4310	4310	8620	2155	2155	4310
1103341	6	6	127702	127702	766212	21283	21284	127702	3546	3547	21278	592	592	3552	98	98	588	16	17	98	3	4	22
1103437	6	6	127712	127713	766274	21284	21286	127712	3547	3548	21284	592	593	3554	97	99	588	16	17	98	2	4	18
1103461	2	2	137932	137932	275864	68967	68967	137934	34483	34483	68966	17241	17241	34482	8621	8621	17242	4311	4311	8622	2155	2155	4310
1103461	6	6	127715	127716	766292	21286	21286	127716	3547	3547	21282	592	592	3552	98	98	588	16	17	98	3	4	22
1103467	3	3	163476	163477	490430	54492	54492	163476	18164	18164	54492	6054	6054	18162	2018	2019	6056	673	674	2020	224	224	672
1103483	2	2	137936	137936	275872	68967	68967	137934	34484	34484	68968	17242	17242	34484	8621	8621	17242	4311	4311	8622	2155	2155	4310
1103533	2	2	137941	137941	275882	68971	68971	137942	34486	34486	68972	17242	17242	34484	8622	8622	17244	4310	4310	8620	2156	2156	4312
1103533	6	6	127723	127724	766340	21287	21288	127726	3547	3549	21286	591	592	3550	98	98	588	17	17	102	2	3	14
1103549	2	2	137943	137943	275886	68972	68972	137944	34486	34486	68972	17243	17243	34486	8622	8622	17244	4310	4310	8620	2156	2156	4312
1103579	2	2	137948	137948	275896	68973	68973	137946	34487	34487	68974	17244	17244	34488	8621	8621	17242	4311	4311	8622	2156	2156	4312
1103579	7	7	115827	115828	810792	16545	16548	115826	2363	2366	16550	336	338	2360	48	49	340	6	7	48	1	2	8
1103587	2	2	137949	137949	275898	68974	68974	137948	34487	34487	68974	17243	17243	34486	8622	8622	17244	4311	4311	8622	2156	2156	4312
1103587	3	3	163495	163496	490486	54496	54498	163492	18166	18168	54500	6054	6055	18164	2018	2019	6056	673	674	2020	224	224	672
1103603	2	2	137951	137951	275902	68975	68975	137950	34487	34487	68974	17244	17244	34488	8622	8622	17244	4311	4311	8622	2156	2156	4312
1103621	2	2	137952	137952	275904	68977	68977	137954	34488	34488	68976	17244	17244	34488	8622	8622	17244	4311	4311	8622	2155	2155	4310
1103629	2	2	137953	137953	275906	68977	68977	137954	34489	34489	68978	17244	17244	34488	8622	8622	17244	4311	4311	8622	2155	2155	4310
1103629	6	6	127735	127736	766414	21288	21289	127730	3548	3548	21288	591	592	3548	98	99	592	17	18	104	1	3	14
1103699	2	2	137963	137963	275926	68981	68981	137962	34490	34490	68980	17246	17246	34492	8622	8622	17244	4312	4312	8624	2155	2155	4310
1103723	2	2	137966	137966	275932	68982	68982	137964	34492	34492	68984	17245	17245	34490	8623	8623	17246	4312	4312	8624	2155	2155	4310
1103749	2	2	137968	137968	275936	68985	68985	137970	34492	34492	68984	17246	17246	34492	8623	8623	17246	4311	4311	8622	2156	2156	4312
1103779	2	2	137973	137973	275946	68986	68986	137972	34493	34493	68986	17246	17246	34492	8624	8624	17248	4311	4311	8622	2156	2156	4312
1103779	3	3	163522	163522	490566	54508	54508	163524	18170	18170	54510	6056	6056	18168	2018	2018	6054	674	674	2022	224	224	672
1103797	2	2	137974	137974	275948	68988	68988	137976	34493	34493	68986	17247	17247	34494	8624	8624	17248	4311	4311	8622	2156	2156	4312
1103797	6	6	127754	127754	766524	21292	21292	127752	3549	3549	21294	592	593	3554	97	99	588	16	17	98	2	4	18
1103803	7	7	115850	115852	810956	16549	16551	115850	2363	2366	16552	336	339	2364	48	50	342	5	7	40	1	2	12
1103863	3	3	163534	163535	490604	54512	54512	163536	18170	18171	54512	6057	6058	18172	2018	2018	6054	674	674	2022	224	224	672
1103863	6	6	127763	127763	766578	21293	21294	127760	3548	3550	21294	591	592	3550	98	98	588	17	17	102	2	3	14
1103899	2	2	137988	137988	275976	68993	68993	137986	34497	34497	68994	17249	17249	34498	8624	8624	17248	4312	4312	8624	2156	2156	4312
1103899	3	3	163540	163541	490622	54512	54513	163538	18171	18172	54514	6058	6058	18174	2018	2018	6054	674	674	2022	224	224	672
1103911	3	3	163543	163544	490630	54512	54514	163540	18171	18172	54514	6058	6058	18174	2018	2018	6054	674	674	2022	224	224	672
1103911	6	6	127767	127767	766602	21295	21296	127774	3548	3549	21290	592	592	3552	98	98	588	16	17	98	3	4	22
1103923	3	3	163544	163544	490632	54514	54514	163542	18172	18172	54516	6058	6058	18174	2018	2018	6054	674	674	2022	224	224	672
1103989	6	6	127777	127777	766662	21295	21296	127774	3549	3550	21296	591	592	3548	98	99	592	17	18	104	1	3	14
1104139	3	3	163576	163576	490728	54525	54526	163576	18174	18175	54524	6058	6059	18176	2019	2020	6058	674	674	2022	224	224	672
1104139	7	7	115885	115887	811204	16554	16556	115882	2364	2367	16560	336	339	2364	48	50	342	5	7	40	1	2	12
1104157	6	6	127795	127795	766770	21300	21300	127800	3550	3550	21300	592	593	3554	97	99	588	16	17	98	2	4	18
1104247	3	3	163592	163592	490776	54530	54530	163590	18178	18178	54534	6058	6058	18174	2020	2020	6060	674	674	2022	224	224	672
1104307	7	7	115905	115906	811338	16556	16557	115896	2365	2367	16562	336	339	2364	48	50	342	5	7	40	1	2	12
1104319	3	3	163602	163602	490806	54535	54536	163606	18176	18178	54532	6059	6060	18178	2020	2020	6060	674	674	2022	224	224	672
1104319	6	6	127813	127816	766888	21301	21304	127816	3550	3551	21302	591	591	3546	99	99	594	17	18	104	1	3	14
1104331	3	3	163604	163605	490814	54534	54534	163602	18178	18179	54536	6059	6060	18178	2020	2020	6060	674	674	2022	224	224	672
1104373	6	6	127820	127820	766920	21305	21305	127830	3550	3550	21300	591	592	3550	98	99	590	17	17	102	2	3	14
1104403	3	3	163614	163615	490844	54538	54539	163616	18179	18180	54538	6060	6060	18180	2020	2020	6060	674	674	2022	224	224	672
1104511	6	6	127838	127838	767028	21306	21306	127836	3551	3551	21306	591	592	3550	98	99	590	16	17	98	3	4	22
1104517	6	6	127837	127838	767024	21306	21308	127842	3550	3551	21304	591	591	3546	99	99	594	16	17	100	2	4	18
1104559	3	3	163639	163640	490918	54544	54546	163636	18182	18184	54548	6060	6061	18182	2020	2020	6060	672	673	2018	225	226	676
1104559	6	6	127842	127842	767052	21308	21308	127848	3551	3551	21306	591	591	3546	99	99	594	17	18	104	1	3	14
1104589	6	6	127845	127845	767070	21309	21309	127854	3551	3551	21306	591	591	3546	99	99	594	17	18	104	1	3	14
1104613	6	6	127848	127849	767090	21308	21309	127850	3551	3552	21310	591	592	3550	98	99	590	17	17	102	2	3	14
1104671	7	7	115940	115942	811590	16564	16565	115950	2365	2366	16560	337	339	2364	48	49	340	6	7	48	1	2	8
1104703	3	3	163660	163660	490980	54554	54554	163662	18184	18184	54552	6061	6062	18184	2020	2021	6062	672	673	2018	225	226	676
1104703	6	6	127859	127860	767156	21308	21310	127856	3552	3553	21314	591	592	3550	98	99	590	17	17	102	2	3	14
1104787	3	3	163672	163672	491016	54557	54558	163672	18184	18186	54556	6062	6064	18188	2020	2021	6062	672	673	2018	225	226	676
1104823	6	6	127872	127874	767238	21311	21313	127872	3552	3553	21316	591	592	3550	98	99	590	17	17	102	2	3	14
1104877	6	6	127879	127879	767274	21313	21314	127882	3552	3553	21314	591	591	3546	99	99	594	16	17	100	2	4	18
1104919	6	6	127884	127885	767306	21312	21315	127882	3551	3554	21316	591	592	3548	99	99	594	17	18	104	1	3	14
1105171	3	3	163730	163730	491190	54576	54576	163728	18192	18192	54576	6064	6064	18192	2021	2022	6064	672	674	2020	225	226	676
1105207	3	3	163735	163736	491206	54576	54578	163732	18193	18194	54580	6064	6064	18192	2021	2022	6064	672	674	2020	225	226	676
1105207	6	6	127917	127917	767502	21320	21321	127924	3553	3554	21320	591	591	3546	99	99	594	16	17	100	2	4	18
1105213	6	6	127918	127919	767510	21318	21320	127916	3554	3555	21326	591	592	3550	98	99	590	17	17	102	2	3	14
1105231	3	3	163736	163738	491212	54579	54580	163738	18194	18194	54582	6064	6064	18192	2021	2022	6064	672	674	2020	225	226	676
1105261	6	6	127923	127924	767540	21321	21321	127926	3553	3554	21320	591	593	3554	98	99	590	16	17	98	3	4	22
1105267	3	3	163742	163743	491228	54582	54582	163746	18192	18193	54578	6065	6066	18196	2021	2022	6064	672	674	2020	225	226	676
1105309	6	6	127929	127929	767574	21321	21322	127930	3553	3555	21322	591	592	3550	99	99	594	17	18	104	1	3	14
1105327	3	3	163752	163752	491256	54584	54584	163752	18194	18194	54582	6066	6066	18198	2021	2022	6064	672	674	2020	225	226	676
1105327	6	6	127931	127933	767592	21320	21321	127924	3555	3555	21330	591	591	3546	99	99	594	16	17	100	2	4	18
1105333	6	6	127931	127933	767590	21321	21322	127930	3555	3555	21330	591	592	3550	98	99	590	17	17	102	2	3	14
1105343	7	7	116012	116013	812088	16572	16574	116010	2367	2369	16578	337	339	2364	48	49	340	6	7	48	1	2	8
1105427	7	7	116020	116022	812148	16574	16576	116022	2367	2369	16578	337	339	2364	48	49	340	6	7	48	1	2	8
1105501	6	6	127952	127952	767712	21325	21325	127950	3554	3554	21324	592	593	3556	98	99	590	16	17	98	3	4	22
1105519	3	3	163780	163781	491342	54592	54593	163778	18198	18200	54596	6064	6066	18196	2022	2024	6068	672	674	2020	225	226	676
1105519	6	6	127955	127955	767730	21325	21325	127950	3554	3554	21324	592	592	3552	99	99	594	17	18	104	1	3	14
1105579	3	3	163789	163790	491368	54596	54597	163790	18198	18198	54594	6066	6067	18200	2022	2024	6068	672	674	2020	225	226	676
1105603	3	3	163794	163794	491382	54597	54598	163792	18198	18199	54596	6066	6067	18200	2022	2024	6068	672	674	2020	225	226	676
1105627	3	3	163796	163797	491390	54598	54598	163794	18200	18200	54600	6066	6067	18200	2022	2024	6068	672	674	2020	225	226	676
1105639	6	6	127967	127967	767802	21329	21329	127974	3554	3554	21324	592	592	3552	99	99	594	17	18	104	1	3	14
1105651	3	3	163800	163800	491400	54600	54600	163800	18200	18200	54600	6066	6066	18198	2023	2024	6070	672	674	2020	225	226	676
1105693	6	6	127973	127974	767840	21330	21330	127980	3553	3554	21320	592	594	3560	98	99	590	17	17	102	2	3	14
1105759	6	6	127981	127983	767892	21328	21330	127974	3555	3556	21334	592	592	3552	99	99	594	17	18	104	1	3	14
1105807	3	3	163822	163823	491468	54608	54608	163824	18202	18203	54608	6067	6068	18202	2023	2024	6070	672	674	2020	225	226	676
1105813	6	6	127987	127988	767924	21331	21333	127992	3553	3555	21324	592	594	3560	98	99	590	17	17	102	2	3	14
1105847	7	7	116065	116066	812460	16579	16580	116058	2369	2371	16590	337	339	2364	48	49	340	6	7	48	1	2	8
1105861	6	6	127993	127994	767960	21331	21333	127994	3555	3556	21332	592	593	3556	98	99	590	16	17	98	3	4	22
1105963	3	3	163847	163848	491542	54614	54615	163844	18206	18206	54618	6068	6068	18204	2022	2022	6066	674	675	2024	225	226	676
1105999	3	3	163852	163852	491556	54618	54618	163854	18205	18206	54616	6068	6069	18206	2022	2022	6066	674	675	2024	225	226	676
1105999	6	6	128009	128010	768056	21333	21335	128006	3556	3557	21338	592	592	3552	99	99	594	17	18	104	1	3	14
1106029	6	6	128012	128013	768074	21334	21336	128012	3556	3557	21338	592	592	3552	99	99	594	17	18	104	1	3	14
1106099	7	7	116090	116093	812642	16583	16586	116090	2369	2371	16592	337	339	2364	48	49	340	6	7	48	1	2	8
1106101	6	6	128020	128020	768120	21338	21338	128028	3556	3556	21336	592	593	3556	98	99	590	16	17	98	3	4	22
1106167	3	3	163876	163877	491630	54624	54625	163874	18209	18210	54628	6069	6070	18208	2022	2023	6068	674	675	2024	225	226	676
1106167	6	6	128030	128030	768180	21337	21338	128024	3556	3558	21342	591	592	3550	99	99	594	16	17	100	2	4	18
1106179	3	3	163879	163880	491638	54624	54626	163876	18209	18210	54628	6069	6070	18208	2022	2023	6068	674	675	2024	225	226	676
1106267	7	7	116111	116112	812778	16584	16586	116100	2370	2372	16596	337	339	2364	48	49	340	6	7	48	1	2	8
1106293	6	6	128043	128044	768260	21340	21342	128046	3555	3557	21336	592	594	3560	98	99	590	17	17	102	2	3	14
1106311	3	3	163896	163898	491692	54633	54634	163900	18210	18210	54630	6071	6072	18214	2022	2023	6068	674	675	2024	225	226	676
1106311	6	6	128046	128047	768280	21340	21341	128042	3556	3557	21340	592	594	3556	98	99	592	16	17	98	3	4	22
1106407	3	3	163912	163912	491736	54637	54638	163912	18212	18213	54638	6070	6070	18210	2024	2024	6072	674	675	2024	225	226	676
1106407	6	6	128056	128058	768342	21341	21342	128050	3558	3558	21348	592	592	3552	99	99	594	16	17	100	2	4	18
1106419	3	3	163912	163914	491740	54638	54640	163916	18212	18213	54638	6070	6070	18210	2024	2024	6072	674	675	2024	225	226	676
1106491	7	7	116132	116133	812928	16590	16592	116138	2369	2372	16590	338	339	2370	48	50	340	5	7	42	1	2	12
1106527	6	6	128071	128072	768430	21344	21345	128066	3558	3558	21348	592	592	3552	99	99	594	16	17	100	2	4	18
1106563	3	3	163934	163935	491804	54646	54646	163938	18214	18214	54642	6072	6072	18216	2024	2024	6072	674	675	2024	225	226	676
1106653	6	6	128085	128086	768514	21346	21347	128078	3558	3559	21350	592	594	3560	98	99	590	17	17	102	2	3	14
1106671	3	3	163950	163951	491852	54650	54651	163952	18217	18218	54652	6072	6072	18216	2024	2024	6072	674	674	2022	226	226	678
1106671	6	6	128088	128088	768528	21347	21348	128086	3557	3559	21348	592	594	3556	98	99	592	16	17	98	3	4	22
1106687	7	7	116152	116154	813072	16593	16594	116154	2371	2372	16602	337	339	2364	48	49	340	6	7	48	1	2	8
1106767	3	3	163965	163966	491896	54654	54655	163964	18218	18219	54656	6073	6074	18220	2024	2024	6072	674	674	2022	226	226	678
1106767	6	6	128097	128099	768588	21349	21350	128098	3559	3559	21354	592	592	3552	99	99	594	16	17	100	2	4	18
1106779	3	3	163966	163967	491900	54656	54656	163968	18218	18219	54656	6073	6074	18220	2024	2024	6072	674	674	2022	226	226	678
1106839	3	3	163976	163976	491928	54658	54658	163974	18220	18220	54660	6074	6074	18222	2024	2024	6072	674	674	2022	226	226	678
1106839	6	6	128106	128108	768642	21350	21351	128104	3557	3558	21346	592	594	3558	99	100	596	17	18	104	1	3	14
1106851	3	3	163976	163978	491932	54659	54660	163978	18220	18220	54660	6074	6074	18222	2024	2024	6072	674	674	2022	226	226	678
1106923	3	3	163988	163989	491966	54662	54662	163986	18222	18222	54666	6072	6073	18218	2025	2026	6076	674	674	2022	226	226	678
1106939	7	7	116180	116182	813264	16596	16597	116178	2370	2370	16590	339	340	2376	48	49	340	6	7	48	1	2	8
1107019	3	3	164002	164002	492006	54668	54668	164004	18223	18224	54670	6072	6074	18220	2025	2026	6076	674	674	2022	226	226	678
1107031	3	3	164004	164005	492014	54668	54668	164004	18222	18222	54666	6074	6075	18224	2025	2026	6076	674	674	2022	226	226	678
1107157	6	6	128143	128144	768860	21356	21358	128144	3559	3561	21360	592	593	3554	99	99	594	16	17	100	2	4	18
1107199	6	6	128147	128149	768888	21358	21359	128152	3558	3559	21352	592	594	3558	99	100	596	17	18	104	1	3	14
1107319	3	3	164046	164047	492140	54682	54683	164048	18227	18228	54682	6076	6076	18228	2026	2026	6078	674	674	2022	226	226	678
1107319	6	6	128163	128163	768978	21360	21361	128164	3558	3560	21354	592	594	3558	99	100	596	17	18	104	1	3	14
1107439	3	3	164066	164066	492198	54688	54688	164064	18229	18230	54688	6076	6077	18230	2024	2025	6074	675	676	2026	226	226	678
1107439	6	6	128176	128176	769056	21362	21363	128176	3559	3561	21360	592	594	3558	99	100	596	17	18	104	1	3	14
1107487	3	3	164072	164072	492216	54690	54690	164070	18231	18232	54694	6076	6077	18230	2024	2025	6074	675	676	2026	226	226	678
1107487	6	6	128181	128183	769092	21362	21363	128176	3561	3561	21366	593	593	3558	99	99	594	16	17	100	2	4	18
1107583	3	3	164087	164088	492262	54694	54695	164084	18232	18232	54696	6078	6078	18234	2024	2025	6074	675	676	2026	226	226	678
1107583	6	6	128192	128192	769152	21366	21367	128198	3559	3561	21362	593	595	3564	98	99	590	17	17	102	2	3	14
1107679	3	3	164100	164101	492302	54700	54700	164100	18232	18233	54698	6078	6080	18236	2024	2026	6076	675	676	2026	226	226	678
1107679	6	6	128205	128205	769230	21366	21367	128200	3560	3562	21366	592	594	3558	99	100	596	17	18	104	1	3	14
1107751	3	3	164110	164111	492332	54704	54704	164112	18234	18235	54704	6078	6080	18236	2024	2026	6076	675	676	2026	226	226	678
1107751	7	7	116264	116266	813858	16608	16610	116262	2372	2374	16612	338	340	2374	48	50	340	5	7	42	1	2	12
1107763	3	3	164114	164114	492342	54704	54704	164112	18234	18234	54702	6079	6080	18238	2024	2026	6076	675	676	2026	226	226	678
1107781	6	6	128215	128216	769292	21369	21369	128214	3561	3562	21370	593	595	3562	98	99	592	16	17	98	3	4	22
1107853	6	6	128223	128224	769340	21371	21371	128226	3561	3562	21368	593	595	3566	98	99	590	17	17	102	2	3	14
1108021	6	6	128243	128244	769460	21373	21375	128244	3562	3563	21374	593	595	3562	98	99	592	16	17	98	3	4	22
1108069	6	6	128248	128249	769490	21375	21375	128250	3562	3563	21376	592	594	3558	99	100	596	17	18	104	1	3	14
1108123	3	3	164167	164168	492502	54720	54722	164164	18241	18242	54724	6080	6080	18240	2026	2026	6078	676	676	2028	226	226	678
1108147	3	3	164168	164170	492508	54723	54724	164170	18242	18242	54726	6080	6080	18240	2026	2026	6078	676	676	2028	226	226	678
1108171	3	3	164173	164174	492520	54724	54725	164174	18240	18241	54722	6081	6082	18244	2026	2026	6078	676	676	2028	226	226	678
1108171	7	7	116308	116310	814164	16615	16618	116312	2372	2375	16614	339	340	2376	48	50	340	5	7	42	1	2	12
1108207	3	3	164178	164178	492534	54727	54728	164182	18240	18242	54724	6081	6082	18244	2026	2026	6078	676	676	2028	226	226	678
1108207	6	6	128263	128266	769588	21376	21379	128266	3562	3564	21378	593	594	3560	99	99	594	16	17	100	2	4	18
1108267	3	3	164188	164188	492564	54730	54730	164190	18242	18242	54726	6082	6082	18246	2026	2026	6078	676	676	2028	226	226	678
1108363	3	3	164200	164202	492604	54734	54736	164204	18244	18245	54734	6080	6081	18242	2027	2028	6082	676	676	2028	226	226	678
1108423	3	3	164210	164210	492630	54738	54738	164214	18245	18246	54736	6080	6082	18244	2027	2028	6082	676	676	2028	226	226	678
1108423	7	7	116337	116338	814362	16617	16620	116330	2373	2376	16620	339	340	2376	48	50	340	5	7	42	1	2	12
1108507	7	7	116343	116346	814410	16620	16623	116348	2373	2376	16620	339	340	2376	48	50	340	5	7	42	1	2	12
1108567	3	3	164232	164232	492696	54744	54744	164232	18248	18248	54744	6082	6082	18246	2028	2028	6084	676	676	2028	226	226	678
1108579	3	3	164232	164234	492700	54745	54746	164236	18248	18248	54744	6082	6082	18246	2028	2028	6084	676	676	2028	226	226	678
1108603	3	3	164237	164238	492712	54744	54746	164236	18249	18250	54748	6082	6082	18246	2028	2028	6084	676	676	2028	226	226	678
1108619	7	7	116358	116358	814506	16621	16622	116352	2374	2375	16620	339	340	2376	48	49	340	6	7	48	1	2	8
1108663	3	3	164247	164248	492742	54748	54749	164246	18248	18249	54746	6083	6084	18250	2028	2028	6084	676	676	2028	226	226	678
1108703	7	7	116364	116366	814554	16623	16625	116370	2374	2375	16620	339	340	2376	48	49	340	6	7	48	1	2	8
1109123	7	7	116408	116410	814866	16629	16630	116406	2376	2376	16632	339	340	2376	48	49	340	6	7	48	1	2	8
1109291	7	7	116426	116428	814988	16632	16633	116428	2376	2376	16632	339	340	2374	48	49	342	6	7	48	1	2	8
1109347	7	7	116432	116434	815028	16633	16634	116436	2376	2376	16632	339	340	2376	48	50	342	5	7	42	1	2	12
1109851	7	7	116485	116486	815400	16640	16642	116484	2377	2378	16644	339	340	2376	48	50	342	5	7	42	1	2	12
1110103	7	7	116510	116513	815584	16643	16646	116512	2378	2379	16648	339	340	2376	48	50	342	5	7	42	1	2	12
1110467	7	7	116549	116552	815852	16648	16652	116552	2377	2380	16648	339	340	2378	48	49	342	6	7	48	1	2	8
1110523	7	7	116555	116557	815892	16650	16652	116556	2379	2380	16656	339	340	2376	48	50	342	5	7	42	1	2	12
1110719	7	7	116576	116578	816036	16653	16655	116580	2378	2380	16652	339	340	2378	48	49	342	6	7	48	1	2	8
1110803	7	7	116584	116586	816096	16655	16657	116592	2378	2380	16652	339	340	2378	48	49	342	6	7	48	1	2	8
1110859	7	7	116591	116592	816140	16655	16656	116588	2380	2381	16664	339	340	2376	48	50	342	5	7	42	1	2	12
1110887	7	7	116592	116594	816156	16657	16658	116604	2378	2380	16652	339	340	2378	48	49	342	6	7	48	1	2	8
1110943	7	7	116599	116601	816200	16656	16658	116600	2380	2381	16664	339	340	2376	48	50	342	5	7	42	1	2	12
1110971	7	7	116604	116604	816228	16658	16659	116610	2378	2380	16652	339	340	2378	48	49	342	6	7	48	1	2	8
1111447	7	7	116652	116654	816570	16664	16665	116652	2382	2382	16674	339	340	2376	48	50	342	5	7	42	1	2	12
1111531	7	7	116660	116662	816630	16666	16667	116664	2382	2382	16674	339	340	2376	48	50	342	5	7	42	1	2	12
1111559	7	7	116666	116667	816666	16665	16666	116658	2381	2382	16670	339	340	2378	48	49	342	6	7	48	1	2	8
1111727	7	7	116681	116684	816778	16668	16670	116684	2380	2381	16666	340	342	2382	48	49	342	6	7	48	1	2	8
1111867	7	7	116696	116698	816882	16671	16672	116700	2380	2381	16662	340	342	2388	48	50	342	5	7	42	1	2	12
1112147	7	7	116728	116729	817098	16673	16676	116722	2380	2383	16674	340	342	2382	48	49	342	6	7	48	1	2	8
1112483	7	7	116761	116763	817332	16680	16681	116764	2382	2383	16680	340	342	2382	48	49	342	6	7	48	1	2	8
1112651	7	7	116778	116780	817456	16682	16684	116782	2382	2384	16682	339	342	2380	48	50	344	6	7	48	1	2	8
1113239	7	7	116840	116842	817890	16690	16692	116838	2384	2386	16696	339	342	2380	48	50	344	6	7	48	1	2	8
1113379	7	7	116856	116856	817992	16693	16694	116856	2384	2386	16692	340	342	2388	48	50	342	5	7	42	1	2	12
1113491	7	7	116866	116869	818074	16694	16696	116866	2384	2386	16700	339	342	2380	48	50	344	6	7	48	1	2	8
1114303	7	7	116954	116955	818682	16706	16708	116948	2386	2387	16706	341	342	2390	48	50	342	5	7	42	1	2	12
1115227	7	7	117049	117051	819348	16720	16723	117052	2387	2390	16720	341	343	2392	48	50	342	5	7	42	1	2	12
1115731	7	7	117102	117102	819714	16730	16731	117114	2388	2390	16722	341	343	2394	48	50	342	5	7	42	1	2	12
1115759	7	7	117105	117106	819738	16730	16730	117110	2389	2390	16728	340	342	2388	48	50	344	6	7	48	1	2	8
1115899	7	7	117120	117122	819846	16730	16731	117114	2390	2392	16734	341	343	2394	48	50	342	5	7	42	1	2	12
1116431	7	7	117175	117177	820232	16739	16740	117178	2391	2392	16742	340	342	2388	48	50	344	6	7	48	1	2	8
1116571	7	7	117190	117191	820336	16742	16742	117194	2390	2391	16736	342	344	2398	48	50	342	5	7	42	1	2	12
1116851	7	7	117222	117222	820554	16745	16746	117216	2390	2393	16744	340	344	2392	48	50	344	6	7	48	1	2	8
1117243	7	7	117263	117264	820842	16750	16751	117256	2392	2393	16750	342	344	2398	48	50	342	5	7	42	1	2	12
1117579	7	7	117296	117298	821076	16756	16758	117300	2392	2394	16752	342	344	2400	48	50	342	5	7	42	1	2	12
1117607	7	7	117298	117301	821098	16755	16758	117298	2392	2396	16760	340	344	2392	48	50	344	6	7	48	1	2	8
1118027	7	7	117345	117346	821418	16761	16764	117338	2394	2397	16766	340	344	2392	48	50	342	6	8	50	1	2	8
1118363	7	7	117378	117380	821652	16768	16770	117380	2394	2397	16772	340	344	2392	48	50	342	6	8	50	1	2	8
1118783	7	7	117422	117424	821960	16774	16776	117426	2396	2397	16776	341	344	2394	48	50	342	6	8	50	1	2	8
1118867	7	7	117432	117432	822024	16776	16776	117432	2396	2397	16776	341	344	2396	48	50	342	6	8	50	1	2	8
1118951	7	7	117440	117442	822084	16777	16778	117444	2396	2397	16776	341	344	2396	48	50	342	6	8	50	1	2	8
1119091	7	7	117455	117456	822188	16779	16780	117458	2395	2397	16772	343	344	2406	48	50	342	5	7	42	1	2	12
1119343	7	7	117481	117483	822372	16782	16785	117486	2395	2398	16776	343	344	2406	48	50	342	5	7	42	1	2	12
1119623	7	7	117510	117512	822580	16786	16788	117508	2398	2400	16792	341	344	2396	48	50	342	6	8	50	1	2	8
1119707	7	7	117518	117521	822640	16787	16790	117520	2398	2400	16792	341	344	2396	48	50	342	6	8	50	1	2	8
1119959	7	7	117545	117548	822826	16790	16793	117544	2399	2400	16798	341	344	2396	48	50	342	6	8	50	1	2	8
1120211	7	7	117572	117573	823008	16796	16797	117576	2399	2401	16800	341	344	2396	48	50	342	6	8	50	1	2	8
1120519	7	7	117604	117606	823236	16801	16802	117608	2399	2400	16796	343	345	2408	48	50	342	5	7	42	1	2	12
1120547	7	7	117607	117609	823256	16800	16802	117608	2400	2402	16808	341	344	2396	48	50	342	6	8	50	1	2	8
1120799	7	7	117633	117636	823442	16803	16806	117632	2401	2403	16814	341	344	2396	48	50	342	6	8	50	1	2	8
1120883	7	7	117642	117644	823504	16805	16807	117640	2401	2403	16816	341	344	2396	48	50	342	6	8	50	1	2	8
1120939	7	7	117649	117650	823548	16806	16807	117644	2400	2402	16808	343	345	2408	48	50	342	5	7	42	1	2	12
1121023	7	7	117658	117659	823608	16807	16809	117656	2400	2402	16808	343	345	2408	48	50	342	5	7	42	1	2	12
1121051	7	7	117660	117662	823626	16808	16809	117660	2402	2403	16818	341	344	2396	48	50	342	6	8	50	1	2	8
1121191	7	7	117674	117677	823730	16810	16812	117676	2401	2402	16810	343	345	2408	48	50	342	5	7	42	1	2	12
1121387	7	7	117696	117698	823878	16813	16814	117696	2400	2401	16806	343	346	2408	48	50	342	6	8	50	1	2	8
1121723	7	7	117730	117733	824122	16818	16821	117736	2400	2402	16810	343	346	2408	48	50	342	6	8	50	1	2	8
1122227	7	7	117783	117786	824490	16826	16829	117792	2402	2403	16818	343	346	2408	48	50	342	6	8	50	1	2	8
1122283	7	7	117790	117791	824532	16827	16828	117792	2402	2404	16824	344	346	2412	48	50	342	5	7	42	1	2	12
1122647	7	7	117828	117829	824802	16832	16833	117828	2404	2405	16830	343	346	2408	48	50	342	6	8	50	1	2	8
1122899	7	7	117854	117856	824984	16836	16838	117860	2404	2405	16832	343	346	2408	48	50	342	6	8	50	1	2	8
1122983	7	7	117864	117864	825048	16837	16838	117864	2404	2406	16836	343	346	2408	48	50	342	6	8	50	1	2	8
1123403	7	7	117908	117910	825360	16842	16843	117900	2406	2407	16848	343	346	2408	48	50	342	6	8	50	1	2	8
1123487	7	7	117916	117918	825420	16844	16845	117912	2406	2407	16848	343	346	2408	48	50	342	6	8	50	1	2	8
1123739	7	7	117942	117944	825604	16848	16850	117942	2406	2408	16848	343	346	2410	48	50	342	6	8	50	1	2	8
1124131	7	7	117984	117986	825894	16853	16855	117978	2407	2408	16854	345	346	2418	48	50	342	5	7	42	1	2	12
1124551	7	7	118028	118029	826200	16860	16862	118026	2408	2409	16860	345	346	2418	48	50	342	5	7	42	1	2	12
1124831	7	7	118057	118059	826404	16864	16867	118060	2408	2410	16864	344	346	2412	48	50	342	6	8	50	1	2	8
