1100023	7	7	22449	22450	1100022	3207	3208	1100022	458	459	1100022	65	66	1100022	9	10	1100022	1	2	1100022
1100027	2	2	275006	275007	1100026	137503	137504	1100026	68751	68752	1100026	34375	34376	1100026	17187	17188	1100026	8593	8594	1100026
1100051	2	2	275012	275013	1100050	137506	137507	1100050	68753	68754	1100050	34376	34377	1100050	17188	17189	1100050	8594	8595	1100050
1100051	7	7	22450	22450	1100050	3207	3208	1100050	458	459	1100050	65	66	1100050	9	10	1100050	1	2	1100050
1100101	2	2	275025	275025	1100100	137512	137513	1100100	68756	68757	1100100	34378	34379	1100100	17189	17190	1100100	8594	8595	1100100
1100123	2	2	275030	275031	1100122	137515	137516	1100122	68757	68758	1100122	34378	34379	1100122	17189	17190	1100122	8594	8595	1100122
1100131	2	2	275032	275033	1100130	137516	137517	1100130	68758	68759	1100130	34379	34380	1100130	17189	17190	1100130	8594	8595	1100130
1100147	2	2	275036	275037	1100146	137518	137519	1100146	68759	68760	1100146	34379	34380	1100146	17189	17190	1100146	8594	8595	1100146
1100149	6	6	30559	30560	1100148	5093	5094	1100148	848	849	1100148	141	142	1100148	23	24	1100148	3	4	1100148
1100167	3	3	122240	122241	1100166	40746	40747	1100166	13582	13583	1100166	4527	4528	1100166	1509	1510	1100166	503	504	1100166
1100171	2	2	275042	275043	1100170	137521	137522	1100170	68760	68761	1100170	34380	34381	1100170	17190	17191	1100170	8595	8596	1100170
1100179	2	2	275044	275045	1100178	137522	137523	1100178	68761	68762	1100178	34380	34381	1100178	17190	17191	1100178	8595	8596	1100178
1100179	3	3	122242	122242	1100178	40747	40748	1100178	13582	13583	1100178	4527	4528	1100178	1509	1510	1100178	503	504	1100178
1100213	2	2	275053	275053	1100212	137526	137527	1100212	68763	68764	1100212	34381	34382	1100212	17190	17191	1100212	8595	8596	1100212
1100219	2	2	275054	275055	1100218	137527	137528	1100218	68763	68764	1100218	34381	34382	1100218	17190	17191	1100218	8595	8596	1100218
1100219	7	7	22453	22454	1100218	3207	3208	1100218	458	459	1100218	65	66	1100218	9	10	1100218	1	2	1100218
1100243	2	2	275060	275061	1100242	137530	137531	1100242	68765	68766	1100242	34382	34383	1100242	17191	17192	1100242	8595	8596	1100242
1100303	7	7	22455	22456	1100302	3207	3208	1100302	458	459	1100302	65	66	1100302	9	10	1100302	1	2	1100302
1100311	6	6	30564	30565	1100310	5094	5095	1100310	849	850	1100310	141	142	1100310	23	24	1100310	3	4	1100310
1100357	2	2	275089	275089	1100356	137544	137545	1100356	68772	68773	1100356	34386	34387	1100356	17193	17194	1100356	8596	8597	1100356
1100381	2	2	275095	275095	1100380	137547	137548	1100380	68773	68774	1100380	34386	34387	1100380	17193	17194	1100380	8596	8597	1100380
1100387	2	2	275096	275097	1100386	137548	137549	1100386	68774	68775	1100386	34387	34388	1100386	17193	17194	1100386	8596	8597	1100386
1100419	2	2	275104	275105	1100418	137552	137553	1100418	68776	68777	1100418	34388	34389	1100418	17194	17195	1100418	8597	8598	1100418
1100443	3	3	122271	122272	1100442	40757	40758	1100442	13585	13586	1100442	4528	4529	1100442	1509	1510	1100442	503	504	1100442
1100443	7	7	22458	22458	1100442	3208	3209	1100442	458	459	1100442	65	66	1100442	9	10	1100442	1	2	1100442
1100467	3	3	122274	122274	1100466	40758	40758	1100466	13586	13586	1100466	4528	4529	1100466	1509	1510	1100466	503	504	1100466
1100471	7	7	22458	22459	1100470	3208	3209	1100470	458	459	1100470	65	66	1100470	9	10	1100470	1	2	1100470
1100483	2	2	275120	275121	1100482	137560	137561	1100482	68780	68781	1100482	34390	34391	1100482	17195	17196	1100482	8597	8598	1100482
1100503	3	3	122278	122278	1100502	40759	40760	1100502	13586	13587	1100502	4528	4529	1100502	1509	1510	1100502	503	504	1100502
1100509	6	6	30569	30570	1100508	5094	5095	1100508	849	850	1100508	141	142	1100508	23	24	1100508	3	4	1100508
1100557	2	2	275139	275139	1100556	137569	137570	1100556	68784	68785	1100556	34392	34393	1100556	17196	17197	1100556	8598	8599	1100556
1100557	6	6	30571	30571	1100556	5095	5096	1100556	849	850	1100556	141	142	1100556	23	24	1100556	3	4	1100556
1100581	2	2	275145	275145	1100580	137572	137573	1100580	68786	68787	1100580	34393	34394	1100580	17196	17197	1100580	8598	8599	1100580
1100581	6	6	30571	30572	1100580	5095	5096	1100580	849	850	1100580	141	142	1100580	23	24	1100580	3	4	1100580
1100653	2	2	275163	275163	1100652	137581	137582	1100652	68790	68791	1100652	34395	34396	1100652	17197	17198	1100652	8598	8599	1100652
1100653	6	6	30573	30574	1100652	5095	5096	1100652	849	850	1100652	141	142	1100652	23	24	1100652	3	4	1100652
1100683	2	2	275170	275171	1100682	137585	137586	1100682	68792	68793	1100682	34396	34397	1100682	17198	17199	1100682	8599	8600	1100682
1100683	3	3	122298	122298	1100682	40766	40766	1100682	13588	13589	1100682	4529	4530	1100682	1509	1510	1100682	503	504	1100682
1100747	2	2	275186	275187	1100746	137593	137594	1100746	68796	68797	1100746	34398	34399	1100746	17199	17200	1100746	8599	8600	1100746
1100797	2	2	275199	275199	1100796	137599	137600	1100796	68799	68800	1100796	34399	34400	1100796	17199	17200	1100796	8599	8600	1100796
1100797	6	6	30577	30578	1100796	5096	5097	1100796	849	850	1100796	141	142	1100796	23	24	1100796	3	4	1100796
1100807	7	7	22465	22466	1100806	3209	3210	1100806	458	459	1100806	65	66	1100806	9	10	1100806	1	2	1100806
1100837	2	2	275209	275209	1100836	137604	137605	1100836	68802	68803	1100836	34401	34402	1100836	17200	17201	1100836	8600	8601	1100836
1100839	3	3	122315	122316	1100838	40771	40772	1100838	13590	13591	1100838	4530	4531	1100838	1510	1511	1100838	503	504	1100838
1100887	3	3	122320	122321	1100886	40773	40774	1100886	13591	13592	1100886	4530	4531	1100886	1510	1511	1100886	503	504	1100886
1100893	2	2	275223	275223	1100892	137611	137612	1100892	68805	68806	1100892	34402	34403	1100892	17201	17202	1100892	8600	8601	1100892
1100893	6	6	30580	30581	1100892	5096	5097	1100892	849	850	1100892	141	142	1100892	23	24	1100892	3	4	1100892
1100899	2	2	275224	275225	1100898	137612	137613	1100898	68806	68807	1100898	34403	34404	1100898	17201	17202	1100898	8600	8601	1100898
1100899	3	3	122322	122322	1100898	40774	40774	1100898	13591	13592	1100898	4530	4531	1100898	1510	1511	1100898	503	504	1100898
1100909	2	2	275227	275227	1100908	137613	137614	1100908	68806	68807	1100908	34403	34404	1100908	17201	17202	1100908	8600	8601	1100908
1100933	2	2	275233	275233	1100932	137616	137617	1100932	68808	68809	1100932	34404	34405	1100932	17202	17203	1100932	8601	8602	1100932
1100947	3	3	122327	122328	1100946	40775	40776	1100946	13591	13592	1100946	4530	4531	1100946	1510	1511	1100946	503	504	1100946
1100947	7	7	22468	22469	1100946	3209	3210	1100946	458	459	1100946	65	66	1100946	9	10	1100946	1	2	1100946
1101091	2	2	275272	275273	1101090	137636	137637	1101090	68818	68819	1101090	34409	34410	1101090	17204	17205	1101090	8602	8603	1101090
1101091	3	3	122343	122344	1101090	40781	40782	1101090	13593	13594	1101090	4531	4532	1101090	1510	1511	1101090	503	504	1101090
1101103	3	3	122344	122345	1101102	40781	40782	1101102	13593	13594	1101102	4531	4532	1101102	1510	1511	1101102	503	504	1101102
1101103	6	6	30586	30587	1101102	5097	5098	1101102	849	850	1101102	141	142	1101102	23	24	1101102	3	4	1101102
1101109	6	6	30586	30587	1101108	5097	5098	1101108	849	850	1101108	141	142	1101108	23	24	1101108	3	4	1101108
1101127	3	3	122347	122348	1101126	40782	40783	1101126	13594	13595	1101126	4531	4532	1101126	1510	1511	1101126	503	504	1101126
1101143	7	7	22472	22473	1101142	3210	3211	1101142	458	459	1101142	65	66	1101142	9	10	1101142	1	2	1101142
1101211	2	2	275302	275303	1101210	137651	137652	1101210	68825	68826	1101210	34412	34413	1101210	17206	17207	1101210	8603	8604	1101210
1101229	6	6	30589	30590	1101228	5098	5099	1101228	849	850	1101228	141	142	1101228	23	24	1101228	3	4	1101228
1101253	2	2	275313	275313	1101252	137656	137657	1101252	68828	68829	1101252	34414	34415	1101252	17207	17208	1101252	8603	8604	1101252
1101253	6	6	30590	30591	1101252	5098	5099	1101252	849	850	1101252	141	142	1101252	23	24	1101252	3	4	1101252
1101283	7	7	22475	22476	1101282	3210	3211	1101282	458	459	1101282	65	66	1101282	9	10	1101282	1	2	1101282
1101299	2	2	275324	275325	1101298	137662	137663	1101298	68831	68832	1101298	34415	34416	1101298	17207	17208	1101298	8603	8604	1101298
1101307	2	2	275326	275327	1101306	137663	137664	1101306	68831	68832	1101306	34415	34416	1101306	17207	17208	1101306	8603	8604	1101306
1101307	3	3	122367	122368	1101306	40789	40790	1101306	13596	13597	1101306	4532	4533	1101306	1510	1511	1101306	503	504	1101306
1101319	3	3	122368	122369	1101318	40789	40790	1101318	13596	13597	1101318	4532	4533	1101318	1510	1511	1101318	503	504	1101318
1101319	6	6	30592	30593	1101318	5098	5099	1101318	849	850	1101318	141	142	1101318	23	24	1101318	3	4	1101318
1101323	2	2	275330	275331	1101322	137665	137666	1101322	68832	68833	1101322	34416	34417	1101322	17208	17209	1101322	8604	8605	1101322
1101341	2	2	275335	275335	1101340	137667	137668	1101340	68833	68834	1101340	34416	34417	1101340	17208	17209	1101340	8604	8605	1101340
1101349	2	2	275337	275337	1101348	137668	137669	1101348	68834	68835	1101348	34417	34418	1101348	17208	17209	1101348	8604	8605	1101348
1101349	6	6	30593	30593	1101348	5098	5099	1101348	849	850	1101348	141	142	1101348	23	24	1101348	3	4	1101348
1101371	2	2	275342	275343	1101370	137671	137672	1101370	68835	68836	1101370	34417	34418	1101370	17208	17209	1101370	8604	8605	1101370
1101389	2	2	275347	275347	1101388	137673	137674	1101388	68836	68837	1101388	34418	34419	1101388	17209	17210	1101388	8604	8605	1101388
1101403	2	2	275350	275351	1101402	137675	137676	1101402	68837	68838	1101402	34418	34419	1101402	17209	17210	1101402	8604	8605	1101402
1101403	3	3	122378	122378	1101402	40792	40793	1101402	13597	13598	1101402	4532	4533	1101402	1510	1511	1101402	503	504	1101402
1101421	2	2	275355	275355	1101420	137677	137678	1101420	68838	68839	1101420	34419	34420	1101420	17209	17210	1101420	8604	8605	1101420
1101421	6	6	30595	30595	1101420	5099	5100	1101420	849	850	1101420	141	142	1101420	23	24	1101420	3	4	1101420
1101439	3	3	122382	122382	1101438	40794	40794	1101438	13598	13598	1101438	4532	4533	1101438	1510	1511	1101438	503	504	1101438
1101467	2	2	275366	275367	1101466	137683	137684	1101466	68841	68842	1101466	34420	34421	1101466	17210	17211	1101466	8605	8606	1101466
1101509	2	2	275377	275377	1101508	137688	137689	1101508	68844	68845	1101508	34422	34423	1101508	17211	17212	1101508	8605	8606	1101508
1101511	6	6	30597	30598	1101510	5099	5100	1101510	849	850	1101510	141	142	1101510	23	24	1101510	3	4	1101510
1101517	6	6	30597	30598	1101516	5099	5100	1101516	849	850	1101516	141	142	1101516	23	24	1101516	3	4	1101516
1101533	2	2	275383	275383	1101532	137691	137692	1101532	68845	68846	1101532	34422	34423	1101532	17211	17212	1101532	8605	8606	1101532
1101559	3	3	122395	122396	1101558	40798	40799	1101558	13599	13600	1101558	4533	4534	1101558	1511	1512	1101558	503	504	1101558
1101559	6	6	30598	30599	1101558	5099	5100	1101558	849	850	1101558	141	142	1101558	23	24	1101558	3	4	1101558
1101571	3	3	122396	122397	1101570	40798	40799	1101570	13599	13600	1101570	4533	4534	1101570	1511	1512	1101570	503	504	1101570
1101587	2	2	275396	275397	1101586	137698	137699	1101586	68849	68850	1101586	34424	34425	1101586	17212	17213	1101586	8606	8607	1101586
1101613	6	6	30600	30601	1101612	5100	5101	1101612	850	851	1101612	141	142	1101612	23	24	1101612	3	4	1101612
1101619	2	2	275404	275405	1101618	137702	137703	1101618	68851	68852	1101618	34425	34426	1101618	17212	17213	1101618	8606	8607	1101618
1101619	3	3	122402	122402	1101618	40800	40801	1101618	13600	13601	1101618	4533	4534	1101618	1511	1512	1101618	503	504	1101618
1101619	7	7	22482	22482	1101618	3211	3212	1101618	458	459	1101618	65	66	1101618	9	10	1101618	1	2	1101618
1101691	2	2	275422	275423	1101690	137711	137712	1101690	68855	68856	1101690	34427	34428	1101690	17213	17214	1101690	8606	8607	1101690
1101691	3	3	122410	122410	1101690	40803	40804	1101690	13601	13602	1101690	4533	4534	1101690	1511	1512	1101690	503	504	1101690
1101733	6	6	30603	30604	1101732	5100	5101	1101732	850	851	1101732	141	142	1101732	23	24	1101732	3	4	1101732
1101781	2	2	275445	275445	1101780	137722	137723	1101780	68861	68862	1101780	34430	34431	1101780	17215	17216	1101780	8607	8608	1101780
1101781	6	6	30605	30605	1101780	5100	5101	1101780	850	851	1101780	141	142	1101780	23	24	1101780	3	4	1101780
1101803	2	2	275450	275451	1101802	137725	137726	1101802	68862	68863	1101802	34431	34432	1101802	17215	17216	1101802	8607	8608	1101802
1101811	3	3	122423	122424	1101810	40807	40808	1101810	13602	13603	1101810	4534	4535	1101810	1511	1512	1101810	503	504	1101810
1101851	2	2	275462	275463	1101850	137731	137732	1101850	68865	68866	1101850	34432	34433	1101850	17216	17217	1101850	8608	8609	1101850
1101871	6	6	30607	30608	1101870	5101	5102	1101870	850	851	1101870	141	142	1101870	23	24	1101870	3	4	1101870
1101871	7	7	22487	22488	1101870	3212	3213	1101870	458	459	1101870	65	66	1101870	9	10	1101870	1	2	1101870
1101883	2	2	275470	275471	1101882	137735	137736	1101882	68867	68868	1101882	34433	34434	1101882	17216	17217	1101882	8608	8609	1101882
1101883	3	3	122431	122432	1101882	40810	40811	1101882	13603	13604	1101882	4534	4535	1101882	1511	1512	1101882	503	504	1101882
1101901	2	2	275475	275475	1101900	137737	137738	1101900	68868	68869	1101900	34434	34435	1101900	17217	17218	1101900	8608	8609	1101900
1101901	6	6	30608	30609	1101900	5101	5102	1101900	850	851	1101900	141	142	1101900	23	24	1101900	3	4	1101900
1101917	2	2	275479	275479	1101916	137739	137740	1101916	68869	68870	1101916	34434	34435	1101916	17217	17218	1101916	8608	8609	1101916
1101931	2	2	275482	275483	1101930	137741	137742	1101930	68870	68871	1101930	34435	34436	1101930	17217	17218	1101930	8608	8609	1101930
1101941	2	2	275485	275485	1101940	137742	137743	1101940	68871	68872	1101940	34435	34436	1101940	17217	17218	1101940	8608	8609	1101940
1102027	2	2	275506	275507	1102026	137753	137754	1102026	68876	68877	1102026	34438	34439	1102026	17219	17220	1102026	8609	8610	1102026
1102027	3	3	122447	122448	1102026	40815	40816	1102026	13605	13606	1102026	4535	4536	1102026	1511	1512	1102026	503	504	1102026
1102069	6	6	30613	30613	1102068	5102	5103	1102068	850	851	1102068	141	142	1102068	23	24	1102068	3	4	1102068
1102111	6	6	30614	30615	1102110	5102	5103	1102110	850	851	1102110	141	142	1102110	23	24	1102110	3	4	1102110
1102117	2	2	275529	275529	1102116	137764	137765	1102116	68882	68883	1102116	34441	34442	1102116	17220	17221	1102116	8610	8611	1102116
1102159	3	3	122462	122462	1102158	40820	40821	1102158	13606	13607	1102158	4535	4536	1102158	1511	1512	1102158	503	504	1102158
1102159	6	6	30615	30616	1102158	5102	5103	1102158	850	851	1102158	141	142	1102158	23	24	1102158	3	4	1102158
1102163	2	2	275540	275541	1102162	137770	137771	1102162	68885	68886	1102162	34442	34443	1102162	17221	17222	1102162	8610	8611	1102162
1102181	2	2	275545	275545	1102180	137772	137773	1102180	68886	68887	1102180	34443	34444	1102180	17221	17222	1102180	8610	8611	1102180
1102187	2	2	275546	275547	1102186	137773	137774	1102186	68886	68887	1102186	34443	34444	1102186	17221	17222	1102186	8610	8611	1102186
1102237	6	6	30617	30618	1102236	5102	5103	1102236	850	851	1102236	141	142	1102236	23	24	1102236	3	4	1102236
1102243	3	3	122471	122472	1102242	40823	40824	1102242	13607	13608	1102242	4535	4536	1102242	1511	1512	1102242	503	504	1102242
1102253	2	2	275563	275563	1102252	137781	137782	1102252	68890	68891	1102252	34445	34446	1102252	17222	17223	1102252	8611	8612	1102252
1102259	2	2	275564	275565	1102258	137782	137783	1102258	68891	68892	1102258	34445	34446	1102258	17222	17223	1102258	8611	8612	1102258
1102279	6	6	30618	30619	1102278	5103	5104	1102278	850	851	1102278	141	142	1102278	23	24	1102278	3	4	1102278
1102307	2	2	275576	275577	1102306	137788	137789	1102306	68894	68895	1102306	34447	34448	1102306	17223	17224	1102306	8611	8612	1102306
1102333	6	6	30620	30621	1102332	5103	5104	1102332	850	851	1102332	141	142	1102332	23	24	1102332	3	4	1102332
1102397	2	2	275599	275599	1102396	137799	137800	1102396	68899	68900	1102396	34449	34450	1102396	17224	17225	1102396	8612	8613	1102396
1102411	2	2	275602	275603	1102410	137801	137802	1102410	68900	68901	1102410	34450	34451	1102410	17225	17226	1102410	8612	8613	1102410
1102411	3	3	122490	122490	1102410	40830	40830	1102410	13610	13610	1102410	4536	4537	1102410	1512	1513	1102410	504	505	1102410
1102427	2	2	275606	275607	1102426	137803	137804	1102426	68901	68902	1102426	34450	34451	1102426	17225	17226	1102426	8612	8613	1102426
1102429	2	2	275607	275607	1102428	137803	137804	1102428	68901	68902	1102428	34450	34451	1102428	17225	17226	1102428	8612	8613	1102428
1102429	6	6	30623	30623	1102428	5103	5104	1102428	850	851	1102428	141	142	1102428	23	24	1102428	3	4	1102428
1102447	6	6	30623	30624	1102446	5103	5104	1102446	850	851	1102446	141	142	1102446	23	24	1102446	3	4	1102446
1102523	2	2	275630	275631	1102522	137815	137816	1102522	68907	68908	1102522	34453	34454	1102522	17226	17227	1102522	8613	8614	1102522
1102547	2	2	275636	275637	1102546	137818	137819	1102546	68909	68910	1102546	34454	34455	1102546	17227	17228	1102546	8613	8614	1102546
1102567	3	3	122507	122508	1102566	40835	40836	1102566	13611	13612	1102566	4537	4538	1102566	1512	1513	1102566	504	505	1102566
1102567	6	6	30626	30627	1102566	5104	5105	1102566	850	851	1102566	141	142	1102566	23	24	1102566	3	4	1102566
1102571	2	2	275642	275643	1102570	137821	137822	1102570	68910	68911	1102570	34455	34456	1102570	17227	17228	1102570	8613	8614	1102570
1102663	6	6	30629	30630	1102662	5104	5105	1102662	850	851	1102662	141	142	1102662	23	24	1102662	3	4	1102662
1102669	6	6	30629	30630	1102668	5104	5105	1102668	850	851	1102668	141	142	1102668	23	24	1102668	3	4	1102668
1102709	2	2	275677	275677	1102708	137838	137839	1102708	68919	68920	1102708	34459	34460	1102708	17229	17230	1102708	8614	8615	1102708
1102733	2	2	275683	275683	1102732	137841	137842	1102732	68920	68921	1102732	34460	34461	1102732	17230	17231	1102732	8615	8616	1102732
1102747	3	3	122527	122528	1102746	40842	40843	1102746	13614	13615	1102746	4538	4539	1102746	1512	1513	1102746	504	505	1102746
1102757	2	2	275689	275689	1102756	137844	137845	1102756	68922	68923	1102756	34461	34462	1102756	17230	17231	1102756	8615	8616	1102756
1102813	6	6	30633	30634	1102812	5105	5106	1102812	850	851	1102812	141	142	1102812	23	24	1102812	3	4	1102812
1102831	3	3	122536	122537	1102830	40845	40846	1102830	13615	13616	1102830	4538	4539	1102830	1512	1513	1102830	504	505	1102830
1102831	6	6	30634	30635	1102830	5105	5106	1102830	850	851	1102830	141	142	1102830	23	24	1102830	3	4	1102830
1102853	2	2	275713	275713	1102852	137856	137857	1102852	68928	68929	1102852	34464	34465	1102852	17232	17233	1102852	8616	8617	1102852
1102879	3	3	122542	122542	1102878	40847	40848	1102878	13615	13616	1102878	4538	4539	1102878	1512	1513	1102878	504	505	1102878
1102879	6	6	30635	30636	1102878	5105	5106	1102878	850	851	1102878	141	142	1102878	23	24	1102878	3	4	1102878
1102879	7	7	22507	22508	1102878	3215	3216	1102878	459	460	1102878	65	66	1102878	9	10	1102878	1	2	1102878
1102883	2	2	275720	275721	1102882	137860	137861	1102882	68930	68931	1102882	34465	34466	1102882	17232	17233	1102882	8616	8617	1102882
1102891	2	2	275722	275723	1102890	137861	137862	1102890	68930	68931	1102890	34465	34466	1102890	17232	17233	1102890	8616	8617	1102890
1102891	3	3	122543	122544	1102890	40847	40848	1102890	13615	13616	1102890	4538	4539	1102890	1512	1513	1102890	504	505	1102890
1102901	2	2	275725	275725	1102900	137862	137863	1102900	68931	68932	1102900	34465	34466	1102900	17232	17233	1102900	8616	8617	1102900
1102903	3	3	122544	122545	1102902	40848	40849	1102902	13616	13617	1102902	4538	4539	1102902	1512	1513	1102902	504	505	1102902
1102939	2	2	275734	275735	1102938	137867	137868	1102938	68933	68934	1102938	34466	34467	1102938	17233	17234	1102938	8616	8617	1102938
1102939	3	3	122548	122549	1102938	40849	40850	1102938	13616	13617	1102938	4538	4539	1102938	1512	1513	1102938	504	505	1102938
1102951	3	3	122550	122550	1102950	40850	40850	1102950	13616	13617	1102950	4538	4539	1102950	1512	1513	1102950	504	505	1102950
1102951	6	6	30637	30638	1102950	5106	5107	1102950	851	852	1102950	141	142	1102950	23	24	1102950	3	4	1102950
1102963	3	3	122551	122552	1102962	40850	40851	1102962	13616	13617	1102962	4538	4539	1102962	1512	1513	1102962	504	505	1102962
1102963	7	7	22509	22510	1102962	3215	3216	1102962	459	460	1102962	65	66	1102962	9	10	1102962	1	2	1102962
1102979	2	2	275744	275745	1102978	137872	137873	1102978	68936	68937	1102978	34468	34469	1102978	17234	17235	1102978	8617	8618	1102978
1102999	6	6	30638	30639	1102998	5106	5107	1102998	851	852	1102998	141	142	1102998	23	24	1102998	3	4	1102998
1103059	2	2	275764	275765	1103058	137882	137883	1103058	68941	68942	1103058	34470	34471	1103058	17235	17236	1103058	8617	8618	1103058
1103059	3	3	122562	122562	1103058	40854	40854	1103058	13618	13618	1103058	4539	4540	1103058	1513	1514	1103058	504	505	1103058
1103101	6	6	30641	30642	1103100	5106	5107	1103100	851	852	1103100	141	142	1103100	23	24	1103100	3	4	1103100
1103143	3	3	122571	122572	1103142	40857	40858	1103142	13619	13620	1103142	4539	4540	1103142	1513	1514	1103142	504	505	1103142
1103143	6	6	30642	30643	1103142	5107	5108	1103142	851	852	1103142	141	142	1103142	23	24	1103142	3	4	1103142
1103171	2	2	275792	275793	1103170	137896	137897	1103170	68948	68949	1103170	34474	34475	1103170	17237	17238	1103170	8618	8619	1103170
1103191	3	3	122576	122577	1103190	40858	40859	1103190	13619	13620	1103190	4539	4540	1103190	1513	1514	1103190	504	505	1103190
1103203	2	2	275800	275801	1103202	137900	137901	1103202	68950	68951	1103202	34475	34476	1103202	17237	17238	1103202	8618	8619	1103202
1103203	3	3	122578	122578	1103202	40859	40860	1103202	13619	13620	1103202	4539	4540	1103202	1513	1514	1103202	504	505	1103202
1103213	2	2	275803	275803	1103212	137901	137902	1103212	68950	68951	1103212	34475	34476	1103212	17237	17238	1103212	8618	8619	1103212
1103237	2	2	275809	275809	1103236	137904	137905	1103236	68952	68953	1103236	34476	34477	1103236	17238	17239	1103236	8619	8620	1103236
1103293	6	6	30647	30647	1103292	5107	5108	1103292	851	852	1103292	141	142	1103292	23	24	1103292	3	4	1103292
1103309	2	2	275827	275827	1103308	137913	137914	1103308	68956	68957	1103308	34478	34479	1103308	17239	17240	1103308	8619	8620	1103308
1103339	2	2	275834	275835	1103338	137917	137918	1103338	68958	68959	1103338	34479	34480	1103338	17239	17240	1103338	8619	8620	1103338
1103341	2	2	275835	275835	1103340	137917	137918	1103340	68958	68959	1103340	34479	34480	1103340	17239	17240	1103340	8619	8620	1103340
1103341	6	6	30648	30649	1103340	5108	5109	1103340	851	852	1103340	141	142	1103340	23	24	1103340	3	4	1103340
1103437	6	6	30651	30651	1103436	5108	5109	1103436	851	852	1103436	141	142	1103436	23	24	1103436	3	4	1103436
1103461	2	2	275865	275865	1103460	137932	137933	1103460	68966	68967	1103460	34483	34484	1103460	17241	17242	1103460	8620	8621	1103460
1103461	6	6	30651	30652	1103460	5108	5109	1103460	851	852	1103460	141	142	1103460	23	24	1103460	3	4	1103460
1103467	3	3	122607	122608	1103466	40869	40870	1103466	13623	13624	1103466	4541	4542	1103466	1513	1514	1103466	504	505	1103466
1103483	2	2	275870	275871	1103482	137935	137936	1103482	68967	68968	1103482	34483	34484	1103482	17241	17242	1103482	8620	8621	1103482
1103533	2	2	275883	275883	1103532	137941	137942	1103532	68970	68971	1103532	34485	34486	1103532	17242	17243	1103532	8621	8622	1103532
1103533	6	6	30653	30654	1103532	5108	5109	1103532	851	852	1103532	141	142	1103532	23	24	1103532	3	4	1103532
1103549	2	2	275887	275887	1103548	137943	137944	1103548	68971	68972	1103548	34485	34486	1103548	17242	17243	1103548	8621	8622	1103548
1103579	2	2	275894	275895	1103578	137947	137948	1103578	68973	68974	1103578	34486	34487	1103578	17243	17244	1103578	8621	8622	1103578
1103579	7	7	22522	22522	1103578	3217	3218	1103578	459	460	1103578	65	66	1103578	9	10	1103578	1	2	1103578
1103587	2	2	275896	275897	1103586	137948	137949	1103586	68974	68975	1103586	34487	34488	1103586	17243	17244	1103586	8621	8622	1103586
1103587	3	3	122620	122621	1103586	40873	40874	1103586	13624	13625	1103586	4541	4542	1103586	1513	1514	1103586	504	505	1103586
1103603	2	2	275900	275901	1103602	137950	137951	1103602	68975	68976	1103602	34487	34488	1103602	17243	17244	1103602	8621	8622	1103602
1103621	2	2	275905	275905	1103620	137952	137953	1103620	68976	68977	1103620	34488	34489	1103620	17244	17245	1103620	8622	8623	1103620
1103629	2	2	275907	275907	1103628	137953	137954	1103628	68976	68977	1103628	34488	34489	1103628	17244	17245	1103628	8622	8623	1103628
1103629	6	6	30656	30657	1103628	5109	5110	1103628	851	852	1103628	141	142	1103628	23	24	1103628	3	4	1103628
1103699	2	2	275924	275925	1103698	137962	137963	1103698	68981	68982	1103698	34490	34491	1103698	17245	17246	1103698	8622	8623	1103698
1103723	2	2	275930	275931	1103722	137965	137966	1103722	68982	68983	1103722	34491	34492	1103722	17245	17246	1103722	8622	8623	1103722
1103749	2	2	275937	275937	1103748	137968	137969	1103748	68984	68985	1103748	34492	34493	1103748	17246	17247	1103748	8623	8624	1103748
1103779	2	2	275944	275945	1103778	137972	137973	1103778	68986	68987	1103778	34493	34494	1103778	17246	17247	1103778	8623	8624	1103778
1103779	3	3	122642	122642	1103778	40880	40881	1103778	13626	13627	1103778	4542	4543	1103778	1514	1515	1103778	504	505	1103778
1103797	2	2	275949	275949	1103796	137974	137975	1103796	68987	68988	1103796	34493	34494	1103796	17246	17247	1103796	8623	8624	1103796
1103797	6	6	30661	30661	1103796	5110	5111	1103796	851	852	1103796	141	142	1103796	23	24	1103796	3	4	1103796
1103803	7	7	22526	22527	1103802	3218	3219	1103802	459	460	1103802	65	66	1103802	9	10	1103802	1	2	1103802
1103863	3	3	122651	122652	1103862	40883	40884	1103862	13627	13628	1103862	4542	4543	1103862	1514	1515	1103862	504	505	1103862
1103863	6	6	30662	30663	1103862	5110	5111	1103862	851	852	1103862	141	142	1103862	23	24	1103862	3	4	1103862
1103899	2	2	275974	275975	1103898	137987	137988	1103898	68993	68994	1103898	34496	34497	1103898	17248	17249	1103898	8624	8625	1103898
1103899	3	3	122655	122656	1103898	40885	40886	1103898	13628	13629	1103898	4542	4543	1103898	1514	1515	1103898	504	505	1103898
1103911	3	3	122656	122657	1103910	40885	40886	1103910	13628	13629	1103910	4542	4543	1103910	1514	1515	1103910	504	505	1103910
1103911	6	6	30664	30665	1103910	5110	5111	1103910	851	852	1103910	141	142	1103910	23	24	1103910	3	4	1103910
1103923	3	3	122658	122658	1103922	40886	40886	1103922	13628	13629	1103922	4542	4543	1103922	1514	1515	1103922	504	505	1103922
1103989	6	6	30666	30667	1103988	5111	5112	1103988	851	852	1103988	141	142	1103988	23	24	1103988	3	4	1103988
1104139	3	3	122682	122682	1104138	40894	40894	1104138	13631	13632	1104138	4543	4544	1104138	1514	1515	1104138	504	505	1104138
1104139	7	7	22533	22534	1104138	3219	3220	1104138	459	460	1104138	65	66	1104138	9	10	1104138	1	2	1104138
1104157	6	6	30671	30671	1104156	5111	5112	1104156	851	852	1104156	141	142	1104156	23	24	1104156	3	4	1104156
1104247	3	3	122694	122694	1104246	40898	40898	1104246	13632	13633	1104246	4544	4545	1104246	1514	1515	1104246	504	505	1104246
1104307	7	7	22536	22537	1104306	3219	3220	1104306	459	460	1104306	65	66	1104306	9	10	1104306	1	2	1104306
1104319	3	3	122702	122702	1104318	40900	40901	1104318	13633	13634	1104318	4544	4545	1104318	1514	1515	1104318	504	505	1104318
1104319	6	6	30675	30676	1104318	5112	5113	1104318	852	853	1104318	142	143	1104318	23	24	1104318	3	4	1104318
1104331	3	3	122703	122704	1104330	40901	40902	1104330	13633	13634	1104330	4544	4545	1104330	1514	1515	1104330	504	505	1104330
1104373	6	6	30677	30677	1104372	5112	5113	1104372	852	853	1104372	142	143	1104372	23	24	1104372	3	4	1104372
1104403	3	3	122711	122712	1104402	40903	40904	1104402	13634	13635	1104402	4544	4545	1104402	1514	1515	1104402	504	505	1104402
1104511	6	6	30680	30681	1104510	5113	5114	1104510	852	853	1104510	142	143	1104510	23	24	1104510	3	4	1104510
1104517	6	6	30681	30681	1104516	5113	5114	1104516	852	853	1104516	142	143	1104516	23	24	1104516	3	4	1104516
1104559	3	3	122728	122729	1104558	40909	40910	1104558	13636	13637	1104558	4545	4546	1104558	1515	1516	1104558	505	506	1104558
1104559	6	6	30682	30683	1104558	5113	5114	1104558	852	853	1104558	142	143	1104558	23	24	1104558	3	4	1104558
1104589	6	6	30683	30683	1104588	5113	5114	1104588	852	853	1104588	142	143	1104588	23	24	1104588	3	4	1104588
1104613	6	6	30683	30684	1104612	5113	5114	1104612	852	853	1104612	142	143	1104612	23	24	1104612	3	4	1104612
1104671	7	7	22544	22545	1104670	3220	3221	1104670	460	461	1104670	65	66	1104670	9	10	1104670	1	2	1104670
1104703	3	3	122744	122745	1104702	40914	40915	1104702	13638	13639	1104702	4546	4547	1104702	1515	1516	1104702	505	506	1104702
1104703	6	6	30686	30687	1104702	5114	5115	1104702	852	853	1104702	142	143	1104702	23	24	1104702	3	4	1104702
1104787	3	3	122754	122754	1104786	40918	40918	1104786	13639	13640	1104786	4546	4547	1104786	1515	1516	1104786	505	506	1104786
1104823	6	6	30689	30690	1104822	5114	5115	1104822	852	853	1104822	142	143	1104822	23	24	1104822	3	4	1104822
1104877	6	6	30691	30691	1104876	5115	5116	1104876	852	853	1104876	142	143	1104876	23	24	1104876	3	4	1104876
1104919	6	6	30692	30693	1104918	5115	5116	1104918	852	853	1104918	142	143	1104918	23	24	1104918	3	4	1104918
1105171	3	3	122796	122797	1105170	40932	40933	1105170	13644	13645	1105170	4548	4549	1105170	1516	1517	1105170	505	506	1105170
1105207	3	3	122800	122801	1105206	40933	40934	1105206	13644	13645	1105206	4548	4549	1105206	1516	1517	1105206	505	506	1105206
1105207	6	6	30700	30701	1105206	5116	5117	1105206	852	853	1105206	142	143	1105206	23	24	1105206	3	4	1105206
1105213	6	6	30700	30701	1105212	5116	5117	1105212	852	853	1105212	142	143	1105212	23	24	1105212	3	4	1105212
1105231	3	3	122803	122804	1105230	40934	40935	1105230	13644	13645	1105230	4548	4549	1105230	1516	1517	1105230	505	506	1105230
1105261	6	6	30701	30702	1105260	5116	5117	1105260	852	853	1105260	142	143	1105260	23	24	1105260	3	4	1105260
1105267	3	3	122807	122808	1105266	40935	40936	1105266	13645	13646	1105266	4548	4549	1105266	1516	1517	1105266	505	506	1105266
1105309	6	6	30703	30703	1105308	5117	5118	1105308	852	853	1105308	142	143	1105308	23	24	1105308	3	4	1105308
1105327	3	3	122814	122814	1105326	40938	40938	1105326	13646	13646	1105326	4548	4549	1105326	1516	1517	1105326	505	506	1105326
1105327	6	6	30703	30704	1105326	5117	5118	1105326	852	853	1105326	142	143	1105326	23	24	1105326	3	4	1105326
1105333	6	6	30703	30704	1105332	5117	5118	1105332	852	853	1105332	142	143	1105332	23	24	1105332	3	4	1105332
1105343	7	7	22558	22558	1105342	3222	3223	1105342	460	461	1105342	65	66	1105342	9	10	1105342	1	2	1105342
1105427	7	7	22559	22560	1105426	3222	3223	1105426	460	461	1105426	65	66	1105426	9	10	1105426	1	2	1105426
1105501	6	6	30708	30709	1105500	5118	5119	1105500	853	854	1105500	142	143	1105500	23	24	1105500	3	4	1105500
1105519	3	3	122835	122836	1105518	40945	40946	1105518	13648	13649	1105518	4549	4550	1105518	1516	1517	1105518	505	506	1105518
1105519	6	6	30708	30709	1105518	5118	5119	1105518	853	854	1105518	142	143	1105518	23	24	1105518	3	4	1105518
1105579	3	3	122842	122842	1105578	40947	40948	1105578	13649	13650	1105578	4549	4550	1105578	1516	1517	1105578	505	506	1105578
1105603	3	3	122844	122845	1105602	40948	40949	1105602	13649	13650	1105602	4549	4550	1105602	1516	1517	1105602	505	506	1105602
1105627	3	3	122847	122848	1105626	40949	40950	1105626	13649	13650	1105626	4549	4550	1105626	1516	1517	1105626	505	506	1105626
1105639	6	6	30712	30713	1105638	5118	5119	1105638	853	854	1105638	142	143	1105638	23	24	1105638	3	4	1105638
1105651	3	3	122850	122850	1105650	40950	40950	1105650	13650	13650	1105650	4550	4550	1105650	1516	1517	1105650	505	506	1105650
1105693	6	6	30713	30714	1105692	5118	5119	1105692	853	854	1105692	142	143	1105692	23	24	1105692	3	4	1105692
1105759	6	6	30715	30716	1105758	5119	5120	1105758	853	854	1105758	142	143	1105758	23	24	1105758	3	4	1105758
1105807	3	3	122867	122868	1105806	40955	40956	1105806	13651	13652	1105806	4550	4551	1105806	1516	1517	1105806	505	506	1105806
1105813	6	6	30717	30717	1105812	5119	5120	1105812	853	854	1105812	142	143	1105812	23	24	1105812	3	4	1105812
1105847	7	7	22568	22569	1105846	3224	3225	1105846	460	461	1105846	65	66	1105846	9	10	1105846	1	2	1105846
1105861	6	6	30718	30719	1105860	5119	5120	1105860	853	854	1105860	142	143	1105860	23	24	1105860	3	4	1105860
1105963	3	3	122884	122885	1105962	40961	40962	1105962	13653	13654	1105962	4551	4552	1105962	1517	1518	1105962	505	506	1105962
1105999	3	3	122888	122889	1105998	40962	40963	1105998	13654	13655	1105998	4551	4552	1105998	1517	1518	1105998	505	506	1105998
1105999	6	6	30722	30723	1105998	5120	5121	1105998	853	854	1105998	142	143	1105998	23	24	1105998	3	4	1105998
1106029	6	6	30723	30723	1106028	5120	5121	1106028	853	854	1106028	142	143	1106028	23	24	1106028	3	4	1106028
1106099	7	7	22573	22574	1106098	3224	3225	1106098	460	461	1106098	65	66	1106098	9	10	1106098	1	2	1106098
1106101	6	6	30725	30725	1106100	5120	5121	1106100	853	854	1106100	142	143	1106100	23	24	1106100	3	4	1106100
1106167	3	3	122907	122908	1106166	40969	40970	1106166	13656	13657	1106166	4552	4553	1106166	1517	1518	1106166	505	506	1106166
1106167	6	6	30726	30727	1106166	5121	5122	1106166	853	854	1106166	142	143	1106166	23	24	1106166	3	4	1106166
1106179	3	3	122908	122909	1106178	40969	40970	1106178	13656	13657	1106178	4552	4553	1106178	1517	1518	1106178	505	506	1106178
1106267	7	7	22576	22577	1106266	3225	3226	1106266	460	461	1106266	65	66	1106266	9	10	1106266	1	2	1106266
1106293	6	6	30730	30731	1106292	5121	5122	1106292	853	854	1106292	142	143	1106292	23	24	1106292	3	4	1106292
1106311	3	3	122923	122924	1106310	40974	40975	1106310	13658	13659	1106310	4552	4553	1106310	1517	1518	1106310	505	506	1106310
1106311	6	6	30730	30731	1106310	5121	5122	1106310	853	854	1106310	142	143	1106310	23	24	1106310	3	4	1106310
1106407	3	3	122934	122934	1106406	40978	40978	1106406	13659	13660	1106406	4553	4554	1106406	1517	1518	1106406	505	506	1106406
1106407	6	6	30733	30734	1106406	5122	5123	1106406	853	854	1106406	142	143	1106406	23	24	1106406	3	4	1106406
1106419	3	3	122935	122936	1106418	40978	40979	1106418	13659	13660	1106418	4553	4554	1106418	1517	1518	1106418	505	506	1106418
1106491	7	7	22581	22582	1106490	3225	3226	1106490	460	461	1106490	65	66	1106490	9	10	1106490	1	2	1106490
1106527	6	6	30736	30737	1106526	5122	5123	1106526	853	854	1106526	142	143	1106526	23	24	1106526	3	4	1106526
1106563	3	3	122951	122952	1106562	40983	40984	1106562	13661	13662	1106562	4553	4554	1106562	1517	1518	1106562	505	506	1106562
1106653	6	6	30740	30741	1106652	5123	5124	1106652	853	854	1106652	142	143	1106652	23	24	1106652	3	4	1106652
1106671	3	3	122963	122964	1106670	40987	40988	1106670	13662	13663	1106670	4554	4555	1106670	1518	1519	1106670	506	507	1106670
1106671	6	6	30740	30741	1106670	5123	5124	1106670	853	854	1106670	142	143	1106670	23	24	1106670	3	4	1106670
1106687	7	7	22585	22586	1106686	3226	3227	1106686	460	461	1106686	65	66	1106686	9	10	1106686	1	2	1106686
1106767	3	3	122974	122974	1106766	40991	40992	1106766	13663	13664	1106766	4554	4555	1106766	1518	1519	1106766	506	507	1106766
1106767	6	6	30743	30744	1106766	5123	5124	1106766	853	854	1106766	142	143	1106766	23	24	1106766	3	4	1106766
1106779	3	3	122975	122976	1106778	40991	40992	1106778	13663	13664	1106778	4554	4555	1106778	1518	1519	1106778	506	507	1106778
1106839	3	3	122982	122982	1106838	40994	40994	1106838	13664	13665	1106838	4554	4555	1106838	1518	1519	1106838	506	507	1106838
1106839	6	6	30745	30746	1106838	5124	5125	1106838	854	855	1106838	142	143	1106838	23	24	1106838	3	4	1106838
1106851	3	3	122983	122984	1106850	40994	40995	1106850	13664	13665	1106850	4554	4555	1106850	1518	1519	1106850	506	507	1106850
1106923	3	3	122991	122992	1106922	40997	40998	1106922	13665	13666	1106922	4555	4556	1106922	1518	1519	1106922	506	507	1106922
1106939	7	7	22590	22591	1106938	3227	3228	1106938	461	462	1106938	65	66	1106938	9	10	1106938	1	2	1106938
1107019	3	3	123002	123002	1107018	41000	41001	1107018	13666	13667	1107018	4555	4556	1107018	1518	1519	1107018	506	507	1107018
1107031	3	3	123003	123004	1107030	41001	41002	1107030	13667	13668	1107030	4555	4556	1107030	1518	1519	1107030	506	507	1107030
1107157	6	6	30754	30755	1107156	5125	5126	1107156	854	855	1107156	142	143	1107156	23	24	1107156	3	4	1107156
1107199	6	6	30755	30756	1107198	5125	5126	1107198	854	855	1107198	142	143	1107198	23	24	1107198	3	4	1107198
1107319	3	3	123035	123036	1107318	41011	41012	1107318	13670	13671	1107318	4556	4557	1107318	1518	1519	1107318	506	507	1107318
1107319	6	6	30758	30759	1107318	5126	5127	1107318	854	855	1107318	142	143	1107318	23	24	1107318	3	4	1107318
1107439	3	3	123048	123049	1107438	41016	41017	1107438	13672	13673	1107438	4557	4558	1107438	1519	1520	1107438	506	507	1107438
1107439	6	6	30762	30763	1107438	5127	5128	1107438	854	855	1107438	142	143	1107438	23	24	1107438	3	4	1107438
1107487	3	3	123054	123054	1107486	41018	41018	1107486	13672	13673	1107486	4557	4558	1107486	1519	1520	1107486	506	507	1107486
1107487	6	6	30763	30764	1107486	5127	5128	1107486	854	855	1107486	142	143	1107486	23	24	1107486	3	4	1107486
1107583	3	3	123064	123065	1107582	41021	41022	1107582	13673	13674	1107582	4557	4558	1107582	1519	1520	1107582	506	507	1107582
1107583	6	6	30766	30767	1107582	5127	5128	1107582	854	855	1107582	142	143	1107582	23	24	1107582	3	4	1107582
1107679	3	3	123075	123076	1107678	41025	41026	1107678	13675	13676	1107678	4558	4559	1107678	1519	1520	1107678	506	507	1107678
1107679	6	6	30768	30769	1107678	5128	5129	1107678	854	855	1107678	142	143	1107678	23	24	1107678	3	4	1107678
1107751	3	3	123083	123084	1107750	41027	41028	1107750	13675	13676	1107750	4558	4559	1107750	1519	1520	1107750	506	507	1107750
1107751	7	7	22607	22608	1107750	3229	3230	1107750	461	462	1107750	65	66	1107750	9	10	1107750	1	2	1107750
1107763	3	3	123084	123085	1107762	41028	41029	1107762	13676	13677	1107762	4558	4559	1107762	1519	1520	1107762	506	507	1107762
1107781	6	6	30771	30772	1107780	5128	5129	1107780	854	855	1107780	142	143	1107780	23	24	1107780	3	4	1107780
1107853	6	6	30773	30774	1107852	5128	5129	1107852	854	855	1107852	142	143	1107852	23	24	1107852	3	4	1107852
1108021	6	6	30778	30779	1108020	5129	5130	1108020	854	855	1108020	142	143	1108020	23	24	1108020	3	4	1108020
1108069	6	6	30779	30780	1108068	5129	5130	1108068	854	855	1108068	142	143	1108068	23	24	1108068	3	4	1108068
1108123	3	3	123124	123125	1108122	41041	41042	1108122	13680	13681	1108122	4560	4561	1108122	1520	1521	1108122	506	507	1108122
1108147	3	3	123127	123128	1108146	41042	41043	1108146	13680	13681	1108146	4560	4561	1108146	1520	1521	1108146	506	507	1108146
1108171	3	3	123130	123130	1108170	41043	41044	1108170	13681	13682	1108170	4560	4561	1108170	1520	1521	1108170	506	507	1108170
1108171	7	7	22615	22616	1108170	3230	3231	1108170	461	462	1108170	65	66	1108170	9	10	1108170	1	2	1108170
1108207	3	3	123134	123134	1108206	41044	41045	1108206	13681	13682	1108206	4560	4561	1108206	1520	1521	1108206	506	507	1108206
1108207	6	6	30783	30784	1108206	5130	5131	1108206	855	856	1108206	142	143	1108206	23	24	1108206	3	4	1108206
1108267	3	3	123140	123141	1108266	41046	41047	1108266	13682	13683	1108266	4560	4561	1108266	1520	1521	1108266	506	507	1108266
1108363	3	3	123151	123152	1108362	41050	41051	1108362	13683	13684	1108362	4561	4562	1108362	1520	1521	1108362	506	507	1108362
1108423	3	3	123158	123158	1108422	41052	41053	1108422	13684	13685	1108422	4561	4562	1108422	1520	1521	1108422	506	507	1108422
1108423	7	7	22620	22621	1108422	3231	3232	1108422	461	462	1108422	65	66	1108422	9	10	1108422	1	2	1108422
1108507	7	7	22622	22623	1108506	3231	3232	1108506	461	462	1108506	65	66	1108506	9	10	1108506	1	2	1108506
1108567	3	3	123174	123174	1108566	41058	41058	1108566	13686	13686	1108566	4562	4562	1108566	1520	1521	1108566	506	507	1108566
1108579	3	3	123175	123176	1108578	41058	41059	1108578	13686	13687	1108578	4562	4563	1108578	1520	1521	1108578	506	507	1108578
1108603	3	3	123178	123178	1108602	41059	41060	1108602	13686	13687	1108602	4562	4563	1108602	1520	1521	1108602	506	507	1108602
1108619	7	7	22624	22625	1108618	3232	3233	1108618	461	462	1108618	65	66	1108618	9	10	1108618	1	2	1108618
1108663	3	3	123184	123185	1108662	41061	41062	1108662	13687	13688	1108662	4562	4563	1108662	1520	1521	1108662	506	507	1108662
1108703	7	7	22626	22627	1108702	3232	3233	1108702	461	462	1108702	65	66	1108702	9	10	1108702	1	2	1108702
1109123	7	7	22635	22636	1109122	3233	3234	1109122	461	462	1109122	65	66	1109122	9	10	1109122	1	2	1109122
1109291	7	7	22638	22639	1109290	3234	3235	1109290	462	463	1109290	66	67	1109290	9	10	1109290	1	2	1109290
1109347	7	7	22639	22640	1109346	3234	3235	1109346	462	463	1109346	66	67	1109346	9	10	1109346	1	2	1109346
1109851	7	7	22650	22650	1109850	3235	3236	1109850	462	463	1109850	66	67	1109850	9	10	1109850	1	2	1109850
1110103	7	7	22655	22656	1110102	3236	3237	1110102	462	463	1110102	66	67	1110102	9	10	1110102	1	2	1110102
1110467	7	7	22662	22663	1110466	3237	3238	1110466	462	463	1110466	66	67	1110466	9	10	1110466	1	2	1110466
1110523	7	7	22663	22664	1110522	3237	3238	1110522	462	463	1110522	66	67	1110522	9	10	1110522	1	2	1110522
1110719	7	7	22667	22668	1110718	3238	3239	1110718	462	463	1110718	66	67	1110718	9	10	1110718	1	2	1110718
1110803	7	7	22669	22670	1110802	3238	3239	1110802	462	463	1110802	66	67	1110802	9	10	1110802	1	2	1110802
1110859	7	7	22670	22671	1110858	3238	3239	1110858	462	463	1110858	66	67	1110858	9	10	1110858	1	2	1110858
1110887	7	7	22671	22672	1110886	3238	3239	1110886	462	463	1110886	66	67	1110886	9	10	1110886	1	2	1110886
1110943	7	7	22672	22673	1110942	3238	3239	1110942	462	463	1110942	66	67	1110942	9	10	1110942	1	2	1110942
1110971	7	7	22672	22673	1110970	3238	3239	1110970	462	463	1110970	66	67	1110970	9	10	1110970	1	2	1110970
1111447	7	7	22682	22683	1111446	3240	3241	1111446	462	463	1111446	66	67	1111446	9	10	1111446	1	2	1111446
1111531	7	7	22684	22685	1111530	3240	3241	1111530	462	463	1111530	66	67	1111530	9	10	1111530	1	2	1111530
1111559	7	7	22684	22685	1111558	3240	3241	1111558	462	463	1111558	66	67	1111558	9	10	1111558	1	2	1111558
1111727	7	7	22688	22689	1111726	3241	3242	1111726	463	464	1111726	66	67	1111726	9	10	1111726	1	2	1111726
1111867	7	7	22691	22692	1111866	3241	3242	1111866	463	464	1111866	66	67	1111866	9	10	1111866	1	2	1111866
1112147	7	7	22696	22697	1112146	3242	3243	1112146	463	464	1112146	66	67	1112146	9	10	1112146	1	2	1112146
1112483	7	7	22703	22704	1112482	3243	3244	1112482	463	464	1112482	66	67	1112482	9	10	1112482	1	2	1112482
1112651	7	7	22707	22708	1112650	3243	3244	1112650	463	464	1112650	66	67	1112650	9	10	1112650	1	2	1112650
1113239	7	7	22719	22720	1113238	3245	3246	1113238	463	464	1113238	66	67	1113238	9	10	1113238	1	2	1113238
1113379	7	7	22722	22722	1113378	3246	3246	1113378	463	464	1113378	66	67	1113378	9	10	1113378	1	2	1113378
1113491	7	7	22724	22725	1113490	3246	3247	1113490	463	464	1113490	66	67	1113490	9	10	1113490	1	2	1113490
1114303	7	7	22740	22741	1114302	3248	3249	1114302	464	465	1114302	66	67	1114302	9	10	1114302	1	2	1114302
1115227	7	7	22759	22760	1115226	3251	3252	1115226	464	465	1115226	66	67	1115226	9	10	1115226	1	2	1115226
1115731	7	7	22770	22770	1115730	3252	3253	1115730	464	465	1115730	66	67	1115730	9	10	1115730	1	2	1115730
1115759	7	7	22770	22771	1115758	3252	3253	1115758	464	465	1115758	66	67	1115758	9	10	1115758	1	2	1115758
1115899	7	7	22773	22774	1115898	3253	3254	1115898	464	465	1115898	66	67	1115898	9	10	1115898	1	2	1115898
1116431	7	7	22784	22785	1116430	3254	3255	1116430	464	465	1116430	66	67	1116430	9	10	1116430	1	2	1116430
1116571	7	7	22787	22788	1116570	3255	3256	1116570	465	466	1116570	66	67	1116570	9	10	1116570	1	2	1116570
1116851	7	7	22792	22793	1116850	3256	3257	1116850	465	466	1116850	66	67	1116850	9	10	1116850	1	2	1116850
1117243	7	7	22800	22801	1117242	3257	3258	1117242	465	466	1117242	66	67	1117242	9	10	1117242	1	2	1117242
1117579	7	7	22807	22808	1117578	3258	3259	1117578	465	466	1117578	66	67	1117578	9	10	1117578	1	2	1117578
1117607	7	7	22808	22809	1117606	3258	3259	1117606	465	466	1117606	66	67	1117606	9	10	1117606	1	2	1117606
1118027	7	7	22816	22817	1118026	3259	3260	1118026	465	466	1118026	66	67	1118026	9	10	1118026	1	2	1118026
1118363	7	7	22823	22824	1118362	3260	3261	1118362	465	466	1118362	66	67	1118362	9	10	1118362	1	2	1118362
1118783	7	7	22832	22833	1118782	3261	3262	1118782	465	466	1118782	66	67	1118782	9	10	1118782	1	2	1118782
1118867	7	7	22834	22834	1118866	3262	3262	1118866	466	466	1118866	66	67	1118866	9	10	1118866	1	2	1118866
1118951	7	7	22835	22836	1118950	3262	3263	1118950	466	467	1118950	66	67	1118950	9	10	1118950	1	2	1118950
1119091	7	7	22838	22839	1119090	3262	3263	1119090	466	467	1119090	66	67	1119090	9	10	1119090	1	2	1119090
1119343	7	7	22843	22844	1119342	3263	3264	1119342	466	467	1119342	66	67	1119342	9	10	1119342	1	2	1119342
1119623	7	7	22849	22850	1119622	3264	3265	1119622	466	467	1119622	66	67	1119622	9	10	1119622	1	2	1119622
1119707	7	7	22851	22852	1119706	3264	3265	1119706	466	467	1119706	66	67	1119706	9	10	1119706	1	2	1119706
1119959	7	7	22856	22857	1119958	3265	3266	1119958	466	467	1119958	66	67	1119958	9	10	1119958	1	2	1119958
1120211	7	7	22861	22862	1120210	3265	3266	1120210	466	467	1120210	66	67	1120210	9	10	1120210	1	2	1120210
1120519	7	7	22867	22868	1120518	3266	3267	1120518	466	467	1120518	66	67	1120518	9	10	1120518	1	2	1120518
1120547	7	7	22868	22869	1120546	3266	3267	1120546	466	467	1120546	66	67	1120546	9	10	1120546	1	2	1120546
1120799	7	7	22873	22874	1120798	3267	3268	1120798	466	467	1120798	66	67	1120798	9	10	1120798	1	2	1120798
1120883	7	7	22875	22876	1120882	3267	3268	1120882	466	467	1120882	66	67	1120882	9	10	1120882	1	2	1120882
1120939	7	7	22876	22877	1120938	3268	3269	1120938	466	467	1120938	66	67	1120938	9	10	1120938	1	2	1120938
1121023	7	7	22878	22878	1121022	3268	3269	1121022	466	467	1121022	66	67	1121022	9	10	1121022	1	2	1121022
1121051	7	7	22878	22879	1121050	3268	3269	1121050	466	467	1121050	66	67	1121050	9	10	1121050	1	2	1121050
1121191	7	7	22881	22882	1121190	3268	3269	1121190	466	467	1121190	66	67	1121190	9	10	1121190	1	2	1121190
1121387	7	7	22885	22886	1121386	3269	3270	1121386	467	468	1121386	66	67	1121386	9	10	1121386	1	2	1121386
1121723	7	7	22892	22893	1121722	3270	3271	1121722	467	468	1121722	66	67	1121722	9	10	1121722	1	2	1121722
1122227	7	7	22902	22903	1122226	3271	3272	1122226	467	468	1122226	66	67	1122226	9	10	1122226	1	2	1122226
1122283	7	7	22903	22904	1122282	3271	3272	1122282	467	468	1122282	66	67	1122282	9	10	1122282	1	2	1122282
1122647	7	7	22911	22912	1122646	3273	3274	1122646	467	468	1122646	66	67	1122646	9	10	1122646	1	2	1122646
1122899	7	7	22916	22917	1122898	3273	3274	1122898	467	468	1122898	66	67	1122898	9	10	1122898	1	2	1122898
1122983	7	7	22918	22918	1122982	3274	3274	1122982	467	468	1122982	66	67	1122982	9	10	1122982	1	2	1122982
1123403	7	7	22926	22927	1123402	3275	3276	1123402	467	468	1123402	66	67	1123402	9	10	1123402	1	2	1123402
1123487	7	7	22928	22929	1123486	3275	3276	1123486	467	468	1123486	66	67	1123486	9	10	1123486	1	2	1123486
1123739	7	7	22933	22934	1123738	3276	3277	1123738	468	469	1123738	66	67	1123738	9	10	1123738	1	2	1123738
1124131	7	7	22941	22942	1124130	3277	3278	1124130	468	469	1124130	66	67	1124130	9	10	1124130	1	2	1124130
1124551	7	7	22950	22950	1124550	3278	3279	1124550	468	469	1124550	66	67	1124550	9	10	1124550	1	2	1124550
1124831	7	7	22955	22956	1124830	3279	3280	1124830	468	469	1124830	66	67	1124830	9	10	1124830	1	2	1124830
